{"stats":{"minecraft:dropped":{"sophisticatedbackpacks:upgrade_base":3,"minecraft:iron_sword":1,"minecraft:glow_ink_sac":1,"minecraft:diamond":2,"minecraft:crafting_table":3,"minecraft:cracked_stone_bricks":3,"minecraft:rail":18,"sophisticatedbackpacks:gold_backpack":1,"minecraft:dirt":34,"minecraft:tnt_minecart":2,"minecraft:writable_book":1,"minecraft:sunflower":1,"minecraft:iron_pickaxe":4,"minecraft:lever":3,"minecraft:detector_rail":2,"minecraft:cobbled_deepslate":157,"alexscaves:cave_tablet":4,"minecraft:wheat":1,"undead_revamp2:arapholia":1,"minecraft:rotten_flesh":127,"minecraft:oak_planks":3,"ad_astra:iron_rod":12,"minecraft:blaze_powder":5,"minecraft:salmon":1,"alexscaves:cave_book":1,"minecraft:leather_boots":1,"minecraft:acacia_sapling":2,"minecraft:painting":2,"luminousworld:beastiary":1,"minecraft:iron_ingot":134,"minecraft:wheat_seeds":120,"minecraft:cobblestone":2,"artifacts:whoopee_cushion":1,"endrem:lost_eye":1,"minecraft:coal":191,"minecraft:coal_block":3,"minecraft:oxeye_daisy":4,"born_in_chaos_v1:gnawed_bones":1,"born_in_chaos_v1:black_argillite":5,"ad_astra:steel_ingot":6,"ad_astra:iron_plate":2,"minecraft:rose_bush":1,"minecraft:iron_shovel":1,"minecraft:chainmail_leggings":1,"minecraft:paper":6,"minecraft:trapped_chest":2,"minecraft:bowl":1,"minecraft:oak_sign":2,"earthmobsmod:harder_flesh":1,"minecraft:diamond_sword":2,"minecraft:potato":4,"minecraft:flower_pot":1,"minecraft:bundle":5,"minecraft:diamond_pickaxe":1,"artifacts:eternal_steak":6,"minecraft:redstone_torch":1,"minecraft:stone_pressure_plate":2,"minecraft:stone_bricks":2,"minecraft:spider_eye":9,"luminousworld:elephant_grass":1,"minecraft:red_tulip":1,"minecraft:golden_pickaxe":1,"minecraft:lantern":1,"minecraft:mangrove_planks":8,"minecraft:cobblestone_stairs":32,"minecraft:flint":1,"ad_astra:steel_plate":62,"minecraft:armor_stand":2,"minecraft:gravel":7,"born_in_chaos_v1:ethereal_spirit":2,"luminousworld:tall_deadbush":1,"aether:leather_gloves":1,"quark:crimson_chest":3,"minecraft:carrot":21,"supplementaries:antique_ink":3,"minecraft:leather_chestplate":1,"supplementaries:ash":22,"minecraft:skeleton_skull":1,"born_in_chaos_v1:corpse_maggot":10,"vanillaplustools:stone_hammer":7,"minecraft:arrow":2,"minecraft:powered_rail":3,"minecraft:written_book":2,"born_in_chaos_v1:dark_rod":1,"minecraft:bread":46,"minecraft:activator_rail":3,"minecraft:spruce_stairs":2,"minecraft:acacia_log":30,"minecraft:stick":17,"minecraft:leather_horse_armor":1,"minecraft:torch":168,"luminousworld:savannah_ground":1,"tombstone:grave_dust":1,"minecraft:iron_leggings":1,"minecraft:iron_axe":1,"sophisticatedbackpacks:crafting_upgrade":1,"minecraft:redstone":4,"minecraft:raw_copper":146,"minecraft:tuff":151,"minecraft:raw_iron":8,"minecraft:filled_map":1,"aether:chainmail_gloves":1,"minecraft:iron_chestplate":1,"minecraft:mossy_stone_bricks":2},"minecraft:custom":{"minecraft:interact_with_crafting_table":46,"minecraft:open_barrel":23,"minecraft:eat_cake_slice":2,"minecraft:leave_game":14,"minecraft:time_since_death":110274,"minecraft:play_time":877968,"minecraft:deaths":14,"minecraft:jump":12068,"minecraft:interact_with_furnace":91,"minecraft:sleep_in_bed":39,"tombstone:sneak_grave":7,"minecraft:damage_dealt":60130,"tombstone:undead_killed":151,"minecraft:horse_one_cm":4863,"minecraft:interact_with_anvil":4,"minecraft:damage_dealt_absorbed":119,"minecraft:sneak_time":127531,"minecraft:interact_with_blast_furnace":63,"minecraft:total_world_time":877968,"minecraft:time_since_rest":9047,"tombstone:cast_on_ally":2,"minecraft:swim_one_cm":19584,"minecraft:fly_one_cm":2070655,"minecraft:open_chest":514,"minecraft:fall_one_cm":250184,"minecraft:animals_bred":198,"minecraft:sprint_one_cm":1818466,"minecraft:drop":241,"minecraft:talked_to_villager":3,"minecraft:walk_on_water_one_cm":128864,"minecraft:interact_with_loom":5,"minecraft:player_kills":1,"minecraft:crouch_one_cm":409925,"minecraft:mob_kills":463,"minecraft:damage_dealt_resisted":482,"minecraft:climb_one_cm":33924,"minecraft:walk_one_cm":2858228,"minecraft:walk_under_water_one_cm":55362,"minecraft:pot_flower":1,"minecraft:damage_taken":20613,"minecraft:damage_absorbed":71,"minecraft:trigger_trapped_chest":2},"minecraft:killed":{"minecraft:cave_spider":28,"minecraft:skeleton":10,"luminousworld:ringlet":1,"undead_revamp2:thespitter":1,"enemyexpansion:vampflyer":1,"mutantmonsters:mutant_skeleton":1,"minecraft:zombie":88,"born_in_chaos_v1:corpse_fly":10,"enemyexpansion:botfly":40,"born_in_chaos_v1:door_knight":1,"minecraft:cow":2,"undead_revamp2:bomber":1,"born_in_chaos_v1:dire_hound_leader":1,"minecraft:husk":7,"earthmobsmod:bouldering_zombie":1,"undead_revamp2:the_moonflower":6,"enemyexpansion:sprinter":1,"born_in_chaos_v1:decrepit_skeleton":2,"undead_revamp2:thesomnolence":4,"iceandfire:ghost":1,"born_in_chaos_v1:dark_vortex":1,"minecraft:spider":2,"born_in_chaos_v1:scarlet_persecutor":3,"minecraft:bee":1,"minecraft:silverfish":3,"minecraft:pig":170,"born_in_chaos_v1:diamond_termite":6,"minecraft:creeper":2,"luminousworld:savannah_skeleton":17,"born_in_chaos_v1:dread_hound":5,"undead_revamp2:thegliter":2,"enemyexpansion:direwolf":2,"born_in_chaos_v1:zombie_bruiser":1,"born_in_chaos_v1:maggot":19,"minecraft:drowned":2,"luminousworld:savannah_zombie":6,"born_in_chaos_v1:fallen_chaos_knight":1,"born_in_chaos_v1:spirit_guide_assistant":1},"minecraft:killed_by":{"minecraft:zombie":1,"enemyexpansion:invisicreeper":1,"mutantmonsters:mutant_skeleton":2},"minecraft:broken":{"minecraft:iron_sword":2,"aether:iron_gloves":2,"iceandfire:armor_copper_metal_leggings":1,"vanillaplustools:stone_hammer":2,"minecraft:iron_axe":1,"minecraft:iron_pickaxe":3},"minecraft:crafted":{"sophisticatedbackpacks:crafting_upgrade":3,"ironchest:crystal_chest":1,"minecraft:glass":37,"minecraft:acacia_fence":6,"minecraft:cooked_rabbit":1,"minecraft:cobbled_deepslate_wall":6,"minecraft:copper_ingot":37,"minecraft:iron_pickaxe":4,"minecraft:gold_ingot":14,"vanillaplustools:stone_hammer":8,"iceandfire:armor_copper_metal_leggings":1,"minecraft:jack_o_lantern":1,"iceandfire:armor_copper_metal_helmet":2,"ad_astra:steel_block":1,"minecraft:stone_pickaxe":3,"minecraft:wheat":225,"ironchest:gold_chest":2,"minecraft:enchanting_table":1,"sophisticatedbackpacks:gold_backpack":3,"minecraft:acacia_sign":3,"minecraft:oak_planks":48,"minecraft:cobblestone_stairs":32,"minecraft:stone":59,"iceandfire:armor_copper_metal_boots":1,"minecraft:hopper":4,"minecraft:bow":2,"minecraft:oak_slab":12,"sophisticatedbackpacks:backpack":2,"minecraft:crafting_table":8,"minecraft:baked_potato":5,"sophisticatedbackpacks:upgrade_base":3,"minecraft:charcoal":1,"minecraft:diamond_pickaxe":1,"sophisticatedbackpacks:diamond_backpack":1,"minecraft:stick":104,"minecraft:iron_ingot":157,"minecraft:redstone_torch":2,"ad_astra:iron_rod":8,"minecraft:furnace":4,"minecraft:flint_and_steel":1,"quark:acacia_chest":6,"minecraft:iron_axe":3,"minecraft:cobblestone_wall":6,"ad_astra:nasa_workbench":1,"sophisticatedbackpacks:iron_backpack":2,"minecraft:cooked_beef":5,"minecraft:iron_trapdoor":3,"minecraft:iron_sword":3,"ironchest:copper_chest":2,"minecraft:mangrove_planks":8,"minecraft:bucket":2,"minecraft:bread":87,"minecraft:air":0,"minecraft:acacia_planks":48,"minecraft:torch":180},"minecraft:used":{"iceandfire:lectern":1,"minecraft:jack_o_lantern":1,"minecraft:writable_book":3,"minecraft:stone":7,"minecraft:acacia_sapling":6,"minecraft:polished_andesite_stairs":1,"minecraft:bow":17,"minecraft:furnace":8,"minecraft:oak_sapling":2,"minecraft:acacia_fence":10,"minecraft:potato":4,"minecraft:mossy_stone_bricks":10,"minecraft:diorite":21,"minecraft:damaged_anvil":4,"artifacts:eternal_steak":6,"minecraft:golden_apple":2,"minecraft:glow_berries":1,"minecraft:blast_furnace":8,"earthmobsmod:duck_egg":2,"minecraft:zombie_head":2,"minecraft:red_terracotta":38,"minecraft:soul_lantern":4,"minecraft:diamond_sword":449,"minecraft:enchanting_table":1,"minecraft:acacia_log":5,"minecraft:armor_stand":1,"vanillaplustools:stone_hammer":352,"minecraft:orange_bed":6,"minecraft:torch":224,"minecraft:brewing_stand":1,"minecraft:anvil":4,"minecraft:yellow_carpet":1,"minecraft:mossy_cobblestone_stairs":1,"minecraft:chipped_anvil":2,"minecraft:iron_axe":404,"minecraft:melon_seeds":18,"minecraft:barrel":12,"luminousworld:savannah_soil":61,"minecraft:iron_trapdoor":3,"tombstone:gift":14,"minecraft:acacia_planks":26,"minecraft:cobbled_deepslate":240,"minecraft:calcite":5,"minecraft:wheat_seeds":72,"minecraft:water_bucket":11,"minecraft:bundle":2,"minecraft:cartography_table":1,"minecraft:cauldron":2,"minecraft:cracked_stone_bricks":6,"minecraft:mossy_cobblestone":8,"minecraft:rail":2,"minecraft:oak_slab":1,"minecraft:crafting_table":13,"supplementaries:bomb":3,"minecraft:cake":2,"ad_astra:nasa_workbench":1,"minecraft:diamond_pickaxe":235,"minecraft:acacia_sign":4,"minecraft:sunflower":1,"minecraft:iron_pickaxe":1627,"minecraft:spruce_trapdoor":18,"minecraft:cobblestone":574,"minecraft:purple_candle":1,"minecraft:iron_shovel":117,"minecraft:iron_sword":492,"minecraft:player_head":2,"luminousworld:savannah_ground":9,"minecraft:iron_chestplate":1,"minecraft:carrot":182,"minecraft:tuff":61,"minecraft:glass":1,"minecraft:lantern":10,"minecraft:light_blue_bed":3,"born_in_chaos_v1:gnawed_bones":1,"luminousworld:elephant_grass":3,"minecraft:stone_bricks":5,"minecraft:item_frame":48,"minecraft:brown_carpet":4,"minecraft:written_book":1,"minecraft:scaffolding":2,"minecraft:skeleton_skull":1,"iceandfire:pixie_jar_empty":1,"minecraft:gray_carpet":1,"minecraft:oak_planks":18,"ad_astra:compressor":1,"minecraft:diamond_axe":492,"minecraft:yellow_terracotta":8,"minecraft:mushroom_stew":1,"alexscaves:cave_book":1,"minecraft:bread":282,"minecraft:melon_slice":76,"minecraft:gravel":4,"tombstone:familiar_stone":2,"minecraft:cooked_rabbit":1,"minecraft:andesite":8,"minecraft:coarse_dirt":1,"ironchest:crystal_chest":5,"minecraft:bone_meal":240,"minecraft:golden_pickaxe":18,"minecraft:experience_bottle":5,"minecraft:cobweb":12,"minecraft:flint_and_steel":18,"born_in_chaos_v1:black_argillite":1,"minecraft:dirt":19,"minecraft:white_carpet":1,"minecraft:hopper":4,"minecraft:spruce_stairs":4,"minecraft:cobblestone_wall":3,"minecraft:granite":167,"minecraft:iron_hoe":1,"minecraft:bookshelf":18,"minecraft:acacia_slab":12,"alexscaves:spelunkery_table":2,"iceandfire:armor_copper_metal_helmet":1,"minecraft:cooked_beef":5,"minecraft:cobbled_deepslate_wall":3,"minecraft:cooked_mutton":1,"minecraft:cobblestone_stairs":19,"minecraft:polished_andesite":1,"minecraft:baked_potato":5,"minecraft:spruce_sign":5,"luminousworld:ishstone":19,"minecraft:magenta_bed":2,"quark:acacia_chest":9,"minecraft:painting":7,"tombstone:bag_of_seeds":1,"minecraft:flower_pot":6,"minecraft:apple":15,"minecraft:stone_slab":3,"minecraft:cobbled_deepslate_slab":3,"minecraft:bucket":12,"minecraft:yellow_bed":2,"minecraft:pumpkin_pie":4,"alexsmobs:animal_dictionary":4},"minecraft:picked_up":{"minecraft:iron_chestplate":2,"minecraft:flower_pot":8,"minecraft:chainmail_boots":2,"minecraft:anvil":4,"minecraft:diamond_sword":3,"minecraft:smithing_table":2,"minecraft:lead":2,"minecraft:wither_rose":1,"minecraft:enchanted_book":4,"minecraft:infested_stone":20,"minecraft:brewing_stand":1,"minecraft:polished_deepslate":1,"iceandfire:manuscript":4,"minecraft:string":198,"minecraft:dark_oak_trapdoor":1,"minecraft:beetroot":6,"minecraft:cobbled_deepslate":3077,"minecraft:gold_nugget":12,"minecraft:acacia_sign":1,"minecraft:spruce_planks":2,"minecraft:acacia_fence_gate":7,"minecraft:written_book":1,"minecraft:melon_slice":91,"minecraft:coal_block":3,"minecraft:mangrove_log":2,"minecraft:acacia_log":126,"minecraft:golden_axe":1,"minecraft:cauldron":2,"minecraft:brown_carpet":5,"minecraft:yellow_banner":1,"minecraft:orange_bed":6,"minecraft:cyan_terracotta":1,"minecraft:red_tulip":1,"minecraft:carved_pumpkin":1,"supplementaries:ash":49,"minecraft:water_bucket":2,"minecraft:flint":3,"minecraft:magenta_bed":2,"minecraft:map":1,"minecraft:lantern":11,"minecraft:chipped_anvil":2,"undead_revamp2:blacpetalblock":1,"luminousworld:elephant_grass":5,"minecraft:rabbit":1,"sophisticatedbackpacks:iron_backpack":1,"minecraft:trapped_chest":3,"minecraft:red_terracotta":57,"minecraft:barrel":22,"minecraft:bundle":9,"minecraft:polished_andesite":1,"iceandfire:lectern":1,"minecraft:lever":3,"minecraft:writable_book":2,"minecraft:granite":232,"minecraft:bread":61,"minecraft:chainmail_helmet":1,"minecraft:diamond_pickaxe":1,"iceandfire:raw_silver":12,"sophisticatedbackpacks:gold_backpack":1,"minecraft:crafting_table":15,"minecraft:coarse_dirt":1,"minecraft:leather_leggings":2,"minecraft:golden_pickaxe":2,"minecraft:white_carpet":8,"minecraft:iron_shovel":2,"minecraft:cracked_stone_bricks":9,"iceandfire:bestiary":2,"minecraft:cartography_table":1,"minecraft:beef":6,"born_in_chaos_v1:gnawed_bones":2,"minecraft:iron_nugget":44,"minecraft:chest":2,"minecraft:cake":1,"born_in_chaos_v1:pieceofdarkmetal":6,"minecraft:carrot":471,"minecraft:redstone":21,"minecraft:tnt":3,"quark:acacia_chest":8,"minecraft:hay_block":117,"minecraft:yellow_terracotta":18,"minecraft:gold_ingot":16,"minecraft:glow_berries":1,"minecraft:rail":20,"minecraft:oxeye_daisy":4,"minecraft:stripped_oak_log":6,"born_in_chaos_v1:monster_flesh":21,"minecraft:tripwire_hook":5,"luminousworld:ishstone":39,"minecraft:filled_map":2,"minecraft:oak_log":61,"minecraft:golden_boots":1,"minecraft:paper":18,"sophisticatedbackpacks:upgrade_base":3,"minecraft:stone_bricks":11,"minecraft:apple":32,"iceandfire:pixie_jar_empty":2,"friendsandfoes:acacia_beehive":1,"minecraft:iron_sword":6,"minecraft:polished_andesite_stairs":5,"minecraft:dark_oak_slab":2,"born_in_chaos_v1:ethereal_spirit":2,"minecraft:gravel":12,"born_in_chaos_v1:fangofthe_hound_leader":2,"minecraft:leather_helmet":3,"minecraft:painting":14,"minecraft:brown_banner":2,"minecraft:melon_seeds":22,"minecraft:wheat":251,"alexscaves:cave_tablet":4,"minecraft:potion":6,"born_in_chaos_v1:black_argillite":11,"minecraft:raw_copper":382,"minecraft:sticky_piston":5,"minecraft:smooth_stone_slab":3,"minecraft:iron_leggings":2,"minecraft:armor_stand":3,"minecraft:zombie_head":3,"minecraft:experience_bottle":5,"minecraft:oak_sign":2,"minecraft:activator_rail":3,"minecraft:tnt_minecart":4,"minecraft:smooth_stone":1,"earthmobsmod:duck_egg":2,"minecraft:bucket":2,"minecraft:rose_bush":3,"minecraft:redstone_torch":1,"minecraft:calcite":19,"minecraft:iron_pickaxe":7,"minecraft:furnace":9,"minecraft:iron_boots":1,"minecraft:stick":28,"minecraft:acacia_fence":12,"ironchest:crystal_chest":3,"minecraft:torch":219,"minecraft:spruce_stairs":12,"luminousworld:savannah_soil":141,"minecraft:porkchop":327,"tombstone:grave_dust":22,"minecraft:diorite":29,"minecraft:rotten_flesh":193,"supplementaries:antique_ink":3,"luminousworld:tall_deadbush":1,"minecraft:leather_horse_armor":3,"minecraft:obsidian":17,"minecraft:blaze_powder":5,"undead_revamp2:arapholia":1,"ad_astra:iron_rod":6,"minecraft:cobblestone":1323,"minecraft:enchanting_table":1,"luminousworld:savannah_ground":16,"minecraft:leather_chestplate":5,"minecraft:andesite":27,"minecraft:orange_carpet":8,"minecraft:potato":1,"alexscaves:cave_book":1,"minecraft:tuff":554,"supplementaries:flax_seeds":5,"minecraft:lapis_lazuli":450,"minecraft:dirt":75,"born_in_chaos_v1:monster_skin":6,"minecraft:leather_boots":2,"minecraft:bone":25,"ad_astra:compressor":1,"minecraft:acacia_planks":22,"minecraft:bow":2,"minecraft:wheat_seeds":764,"minecraft:raw_gold":24,"minecraft:mossy_stone_bricks":12,"minecraft:bamboo":2,"minecraft:powered_rail":3,"minecraft:oak_planks":33,"minecraft:cooked_porkchop":24,"earthmobsmod:harder_flesh":1,"minecraft:sand":4,"minecraft:mossy_cobblestone":12,"minecraft:yellow_carpet":1,"minecraft:diamond":42,"minecraft:soul_lantern":4,"minecraft:golden_apple":2,"minecraft:spruce_sign":9,"minecraft:emerald":50,"minecraft:oak_sapling":2,"quark:crimson_chest":4,"minecraft:charcoal":3,"born_in_chaos_v1:diamond_termite_shard":8,"minecraft:chest_minecart":1,"aether:leather_gloves":2,"minecraft:iron_axe":6,"minecraft:item_frame":51,"minecraft:detector_rail":2,"minecraft:player_head":5,"minecraft:lectern":1,"iceandfire:podium_acacia":1,"minecraft:spruce_trapdoor":19,"minecraft:phantom_membrane":1,"minecraft:raw_iron":126,"minecraft:copper_ingot":78,"luminousworld:beastiary":1,"minecraft:light_blue_bed":4,"ad_astra:steel_ingot":3,"minecraft:stone_pressure_plate":2,"minecraft:dark_oak_planks":1,"ad_astra:steel_plate":31,"minecraft:purple_candle":1,"minecraft:weeping_vines":2,"minecraft:arrow":20,"minecraft:pumpkin_pie":9,"alexscaves:spelunkery_table":2,"minecraft:stripped_dark_oak_wood":5,"minecraft:glistering_melon_slice":3,"minecraft:brick_stairs":2,"born_in_chaos_v1:fused_bone":1,"minecraft:skeleton_skull":3,"born_in_chaos_v1:corpse_maggot":20,"artifacts:eternal_steak":6,"minecraft:glow_ink_sac":1,"minecraft:salmon":10,"minecraft:leather":13,"minecraft:mushroom_stew":2,"minecraft:chainmail_chestplate":1,"minecraft:gunpowder":13,"minecraft:yellow_bed":3,"minecraft:cobblestone_wall":3,"minecraft:cobblestone_stairs":5,"minecraft:cooked_mutton":1,"minecraft:gray_carpet":1,"minecraft:iron_ingot":74,"artifacts:whoopee_cushion":1,"minecraft:soul_sand":55,"minecraft:acacia_sapling":3,"minecraft:book":142,"minecraft:scaffolding":11,"minecraft:oak_slab":1,"born_in_chaos_v1:dark_rod":1,"minecraft:red_banner":1,"minecraft:blast_furnace":9,"minecraft:spider_eye":12,"minecraft:chainmail_leggings":2,"minecraft:iron_helmet":2,"vanillaplustools:stone_hammer":1,"minecraft:mossy_cobblestone_stairs":1,"tombstone:magic_scroll":2,"minecraft:damaged_anvil":5,"minecraft:coal":271,"minecraft:sunflower":2},"minecraft:mined":{"minecraft:dark_oak_planks":1,"minecraft:carved_pumpkin":1,"minecraft:obsidian":19,"minecraft:granite":72,"minecraft:acacia_log":91,"placeablesmod:carrot_block_1":10,"minecraft:coal_block":3,"luminousworld:savanna_grass_2":8,"minecraft:spawner":1,"ironchest:crystal_chest":4,"minecraft:mossy_cobblestone_stairs":1,"minecraft:dark_oak_trapdoor":1,"minecraft:cobbled_deepslate":42,"minecraft:fire":14,"minecraft:sticky_piston":4,"minecraft:barrel":22,"minecraft:deepslate_lapis_ore":28,"minecraft:stripped_dark_oak_wood":6,"minecraft:water_cauldron":1,"minecraft:dirt_path":4,"minecraft:player_head":5,"minecraft:orange_bed":6,"iceandfire:podium_acacia":1,"minecraft:torch":16,"minecraft:blast_furnace":10,"minecraft:melon":20,"minecraft:polished_andesite_stairs":4,"minecraft:spruce_wall_sign":1,"minecraft:damaged_anvil":5,"minecraft:spruce_sign":1,"minecraft:skeleton_skull":2,"minecraft:wheat":159,"minecraft:magenta_bed":2,"minecraft:wither_rose":1,"minecraft:grass":17,"minecraft:deepslate":2353,"luminousworld:savannah_ground":13,"minecraft:yellow_terracotta":14,"iceandfire:silver_ore":9,"minecraft:mossy_cobblestone":14,"minecraft:purple_candle":1,"placeablesmod:wheat_block_1":3,"born_in_chaos_v1:black_argillite":6,"minecraft:redstone_wire":6,"iceandfire:deepslate_silver_ore":4,"minecraft:cartography_table":1,"born_in_chaos_v1:gnawed_bones":1,"placeablesmod:water_bucket_block":2,"minecraft:andesite":27,"minecraft:vine":4,"minecraft:rail":2,"minecraft:cake":2,"minecraft:smithing_table":1,"minecraft:oak_slab":1,"luminousworld:savannah_soil":132,"minecraft:brown_carpet":2,"minecraft:emerald_ore":22,"minecraft:potted_oxeye_daisy":4,"minecraft:tall_grass":2,"minecraft:copper_ore":65,"friendsandfoes:acacia_beehive":1,"minecraft:deepslate_gold_ore":18,"minecraft:diorite":11,"minecraft:orange_carpet":5,"minecraft:purple_bed":2,"minecraft:red_terracotta":57,"minecraft:light_blue_bed":4,"minecraft:cobblestone_wall":3,"minecraft:white_carpet":2,"minecraft:red_wall_banner":1,"luminousworld:ishstone":32,"minecraft:zombie_head":3,"minecraft:sunflower":4,"minecraft:gravel":7,"minecraft:cobweb":114,"minecraft:acacia_planks":22,"quark:crimson_chest":1,"minecraft:stone_bricks":5,"luminousworld:elephant_grass":7,"minecraft:chipped_anvil":2,"minecraft:gold_ore":9,"minecraft:spruce_planks":2,"minecraft:farmland":1,"minecraft:cobblestone_stairs":3,"minecraft:brewing_stand":1,"placeablesmod:melon_block_1":5,"minecraft:spruce_trapdoor":19,"minecraft:grass_block":2,"iceandfire:lectern":1,"minecraft:smooth_stone":1,"minecraft:iron_ore":64,"minecraft:anvil":4,"minecraft:deepslate_redstone_ore":2,"minecraft:cyan_terracotta":1,"luminousworld:tall_deadbush":2,"minecraft:melon_stem":8,"minecraft:soul_lantern":2,"minecraft:calcite":19,"minecraft:chest":2,"minecraft:cobblestone":169,"minecraft:oak_planks":29,"placeablesmod:bread_full_block":16,"minecraft:wall_torch":36,"minecraft:cauldron":1,"minecraft:seagrass":1,"placeablesmod:gold_apple_block":1,"minecraft:acacia_sapling":1,"minecraft:dark_oak_slab":2,"minecraft:tnt":3,"minecraft:smooth_stone_slab":2,"minecraft:oak_log":61,"minecraft:acacia_fence":13,"minecraft:sand":4,"minecraft:dirt":61,"luminousworld:savannah_grass_4":18,"minecraft:oak_leaves":12,"alexscaves:spelunkery_table":2,"minecraft:tuff":370,"minecraft:yellow_wall_banner":1,"minecraft:deepslate_diamond_ore":22,"born_in_chaos_v1:infected_diamond_ore":6,"minecraft:lever":2,"minecraft:brick_stairs":2,"quark:acacia_chest":7,"minecraft:hay_block":118,"minecraft:furnace":8,"minecraft:carrots":16,"minecraft:polished_deepslate":1,"minecraft:bookshelf":43,"minecraft:deepslate_iron_ore":30,"minecraft:lantern":6,"minecraft:stripped_oak_log":6,"minecraft:stone":1146,"minecraft:redstone_wall_torch":1,"iceandfire:pixie_jar_empty":2,"minecraft:acacia_leaves":22,"minecraft:scaffolding":11,"minecraft:crafting_table":10,"luminousworld:savannah_grass_1":18,"minecraft:rose_bush":4,"minecraft:lectern":1,"minecraft:lapis_ore":35,"supplementaries:urn":21,"minecraft:spruce_stairs":12,"minecraft:acacia_fence_gate":8,"minecraft:yellow_bed":2,"minecraft:coal_ore":189,"minecraft:flower_pot":2,"minecraft:gray_carpet":1,"minecraft:cracked_stone_bricks":8,"minecraft:mossy_stone_bricks":6,"minecraft:acacia_wall_sign":1}},"DataVersion":3465}