{"stats":{"minecraft:killed":{"illagerinvasion:archivist":2,"minecraft:cave_spider":31,"born_in_chaos_v1:mr_pumpkin":8,"illagerinvasion:basher":2,"minecraft:skeleton":114,"luminousworld:ringlet":1,"alexsmobs:leafcutter_ant":3,"undead_revamp2:thepregnant":1,"undead_revamp2:thespitter":1,"enemyexpansion:vampflyer":2,"mutantmonsters:mutant_skeleton":1,"minecraft:zombie":274,"enemyexpansion:botfly":62,"born_in_chaos_v1:corpse_fly":10,"born_in_chaos_v1:door_knight":3,"minecraft:cow":2,"minecraft:evoker":2,"minecraft:vindicator":2,"illagerinvasion:marauder":2,"undead_revamp2:bomber":1,"born_in_chaos_v1:pumpkinhead":1,"born_in_chaos_v1:dire_hound_leader":1,"minecraft:husk":7,"earthmobsmod:bouldering_zombie":1,"undead_revamp2:the_moonflower":9,"enemyexpansion:sprinter":2,"ad_astra:corrupted_lunarian":1,"born_in_chaos_v1:decrepit_skeleton":3,"undead_revamp2:thesomnolence":7,"iceandfire:ghost":6,"born_in_chaos_v1:dark_vortex":1,"minecraft:spider":3,"undead_revamp2:thesmoker":1,"born_in_chaos_v1:scarlet_persecutor":3,"creeperoverhaul:bamboo_creeper":1,"minecraft:bee":1,"minecraft:silverfish":3,"minecraft:pig":171,"born_in_chaos_v1:diamond_termite":6,"minecraft:creeper":2,"minecraft:sheep":4,"luminousworld:savannah_skeleton":22,"born_in_chaos_v1:dread_hound":5,"undead_revamp2:theskeeper":1,"minecraft:vex":1,"undead_revamp2:thegliter":2,"enemyexpansion:direwolf":2,"born_in_chaos_v1:zombie_bruiser":1,"born_in_chaos_v1:maggot":82,"minecraft:drowned":5,"luminousworld:savannah_zombie":11,"born_in_chaos_v1:fallen_chaos_knight":1,"born_in_chaos_v1:felsteed":1,"born_in_chaos_v1:baby_skeleton":2,"born_in_chaos_v1:spirit_guide_assistant":1,"enemyexpansion:slugger":3},"minecraft:killed_by":{"minecraft:zombie":1,"enemyexpansion:invisicreeper":1,"mutantmonsters:mutant_skeleton":2},"minecraft:picked_up":{"minecraft:iron_chestplate":2,"minecraft:chainmail_boots":3,"minecraft:flower_pot":14,"minecraft:anvil":4,"minecraft:lead":2,"minecraft:smithing_table":2,"minecraft:stone_slab":30,"minecraft:diamond_sword":7,"minecraft:wither_rose":1,"minecraft:acacia_pressure_plate":1,"minecraft:enchanted_book":4,"friendsandfoes:buttercup":1,"minecraft:infested_stone":20,"minecraft:brewing_stand":2,"minecraft:polished_deepslate":1,"iceandfire:manuscript":9,"minecraft:string":217,"minecraft:dark_oak_trapdoor":1,"minecraft:soul_soil":1,"minecraft:beetroot":6,"minecraft:gold_nugget":12,"minecraft:cobbled_deepslate":3408,"minecraft:spruce_planks":2,"minecraft:acacia_sign":1,"minecraft:acacia_fence_gate":18,"minecraft:written_book":1,"ad_astra:fuel_bucket":19,"minecraft:coal_block":3,"minecraft:melon_slice":96,"minecraft:mangrove_log":2,"minecraft:acacia_log":144,"minecraft:golden_axe":1,"born_in_chaos_v1:fel_soil":54,"minecraft:cauldron":3,"ad_astra:space_boots":4,"minecraft:brown_carpet":5,"minecraft:yellow_banner":1,"minecraft:orange_bed":6,"quark:clear_shard":17,"ad_astra:ice_shard":29,"minecraft:red_tulip":1,"minecraft:carved_pumpkin":1,"minecraft:cyan_terracotta":1,"ad_astra:etrionic_blast_furnace":2,"supplementaries:ash":88,"minecraft:feather":1,"minecraft:iron_door":1,"minecraft:water_bucket":4,"minecraft:jungle_log":2,"minecraft:flint":8,"minecraft:magenta_bed":2,"ad_astra:coal_generator":4,"minecraft:map":2,"minecraft:lantern":12,"ad_astra:steel_block":6,"minecraft:chipped_anvil":2,"undead_revamp2:blacpetalblock":1,"luminousworld:elephant_grass":10,"minecraft:rabbit":1,"minecraft:glowstone_dust":9,"luminousworld:creepberries":7,"sophisticatedbackpacks:iron_backpack":1,"minecraft:barrel":22,"minecraft:acacia_stairs":20,"minecraft:trapped_chest":3,"minecraft:red_terracotta":214,"minecraft:bundle":10,"minecraft:polished_andesite":1,"ad_astra:steel_cable":4,"iceandfire:lectern":2,"minecraft:lever":3,"minecraft:writable_book":2,"minecraft:granite":280,"minecraft:chainmail_helmet":4,"minecraft:bread":66,"iceandfire:raw_silver":14,"minecraft:diamond_pickaxe":1,"sophisticatedbackpacks:gold_backpack":1,"minecraft:crafting_table":15,"minecraft:coarse_dirt":3,"minecraft:leather_leggings":2,"minecraft:golden_pickaxe":2,"ad_astra:tier_1_rocket":3,"minecraft:acacia_door":4,"ad_astra:steel_rod":2,"minecraft:white_carpet":28,"minecraft:iron_shovel":9,"minecraft:cracked_stone_bricks":9,"iceandfire:bestiary":2,"minecraft:cartography_table":2,"minecraft:beef":6,"ad_astra:moon_cobblestone":1,"born_in_chaos_v1:gnawed_bones":2,"minecraft:iron_nugget":44,"supplementaries:rope":14,"minecraft:chest":10,"minecraft:birch_sapling":1,"minecraft:cake":1,"born_in_chaos_v1:pieceofdarkmetal":6,"minecraft:carrot":664,"minecraft:redstone":104,"minecraft:tnt":3,"quark:acacia_chest":19,"ad_astra:nasa_workbench":3,"minecraft:hay_block":125,"minecraft:yellow_terracotta":50,"minecraft:gold_ingot":17,"minecraft:totem_of_undying":2,"minecraft:glow_berries":1,"minecraft:mutton":6,"minecraft:white_wool":21,"minecraft:rail":65,"minecraft:oxeye_daisy":4,"minecraft:stripped_oak_log":7,"born_in_chaos_v1:monster_flesh":21,"born_in_chaos_v1:pumpkin_staff":1,"minecraft:tripwire_hook":5,"luminousworld:ishstone":72,"minecraft:filled_map":6,"minecraft:oak_log":64,"minecraft:golden_boots":1,"minecraft:blue_bed":8,"minecraft:paper":19,"minecraft:white_banner":1,"sophisticatedbackpacks:upgrade_base":3,"born_in_chaos_v1:soul_cutlass":1,"minecraft:apple":33,"minecraft:stone_bricks":36,"iceandfire:pixie_jar_empty":2,"minecraft:cobweb":11,"friendsandfoes:acacia_beehive":1,"tombstone:bag_of_seeds":3,"minecraft:gray_bed":6,"minecraft:iron_sword":17,"minecraft:polished_andesite_stairs":5,"iceandfire:copper_nugget":93,"minecraft:dark_oak_slab":2,"born_in_chaos_v1:ethereal_spirit":2,"ad_astra:moon_sand":96,"minecraft:torchflower_seeds":3,"minecraft:gravel":12,"born_in_chaos_v1:fangofthe_hound_leader":2,"minecraft:leather_helmet":3,"minecraft:diamond_axe":1,"minecraft:painting":14,"minecraft:gray_wool":12,"minecraft:baked_potato":1,"minecraft:brown_banner":6,"minecraft:melon_seeds":23,"minecraft:ender_pearl":1,"ad_astra:space_suit":4,"minecraft:wheat":253,"minecraft:black_carpet":1,"iceandfire:armor_copper_metal_chestplate":1,"alexscaves:cave_tablet":4,"minecraft:potion":8,"minecraft:stone_brick_stairs":1,"born_in_chaos_v1:holiday_candy":31,"born_in_chaos_v1:black_argillite":11,"minecraft:raw_copper":539,"minecraft:smooth_stone_slab":3,"minecraft:iron_leggings":4,"minecraft:armor_stand":9,"minecraft:sticky_piston":5,"minecraft:zombie_head":3,"minecraft:experience_bottle":11,"minecraft:oak_sign":2,"minecraft:activator_rail":3,"minecraft:tnt_minecart":4,"minecraft:smooth_stone":1,"earthmobsmod:duck_egg":3,"minecraft:bucket":5,"artifacts:aqua_dashers":1,"minecraft:rose_bush":3,"minecraft:redstone_torch":2,"minecraft:calcite":19,"minecraft:iron_pickaxe":9,"minecraft:iron_boots":2,"minecraft:furnace":16,"minecraft:stick":61,"minecraft:acacia_fence":73,"ironchest:crystal_chest":3,"minecraft:torch":374,"minecraft:spruce_stairs":20,"luminousworld:savannah_soil":194,"minecraft:porkchop":328,"iceandfire:crackled_gravel":4,"tombstone:grave_dust":33,"minecraft:diorite":46,"ad_astra:oxygen_loader":3,"minecraft:rotten_flesh":275,"supplementaries:antique_ink":3,"artifacts:panic_necklace":1,"luminousworld:tall_deadbush":1,"minecraft:leather_horse_armor":3,"minecraft:obsidian":17,"minecraft:blaze_powder":5,"undead_revamp2:arapholia":2,"ad_astra:iron_rod":8,"minecraft:cobblestone":1803,"minecraft:enchanting_table":1,"luminousworld:savannah_ground":46,"minecraft:leather_chestplate":5,"minecraft:andesite":61,"minecraft:orange_carpet":16,"minecraft:golden_leggings":1,"minecraft:potato":1,"alexscaves:cave_book":1,"minecraft:tuff":559,"supplementaries:flax_seeds":9,"minecraft:acacia_boat":1,"artifacts:pickaxe_heater":1,"minecraft:lapis_lazuli":585,"minecraft:dirt":136,"born_in_chaos_v1:monster_skin":6,"minecraft:leather_boots":2,"minecraft:bone":49,"ad_astra:compressor":3,"minecraft:acacia_planks":106,"minecraft:bow":5,"ad_astra:fuel_refinery":1,"minecraft:wheat_seeds":775,"ad_astra:launch_pad":3,"minecraft:raw_gold":24,"minecraft:mossy_stone_bricks":13,"minecraft:bamboo":15,"minecraft:powered_rail":3,"minecraft:oak_planks":33,"minecraft:cooked_porkchop":25,"ad_astra:cheese":6,"earthmobsmod:harder_flesh":1,"minecraft:sand":273,"ad_astra:space_pants":3,"minecraft:jungle_planks":3,"minecraft:mossy_cobblestone":12,"ad_astra:iron_plate":5,"minecraft:yellow_carpet":1,"minecraft:diamond":49,"minecraft:soul_lantern":4,"ad_astra:oil_bucket":1,"minecraft:golden_apple":6,"minecraft:spruce_sign":15,"minecraft:emerald":55,"minecraft:oak_sapling":3,"quark:crimson_chest":4,"minecraft:cocoa_beans":3,"minecraft:charcoal":3,"born_in_chaos_v1:diamond_termite_shard":8,"minecraft:chicken":1,"minecraft:chest_minecart":4,"minecraft:chain":8,"minecraft:shield":1,"aether:leather_gloves":2,"minecraft:iron_axe":6,"minecraft:item_frame":59,"minecraft:detector_rail":2,"minecraft:player_head":5,"minecraft:lectern":1,"minecraft:sugar_cane":37,"iceandfire:podium_acacia":1,"minecraft:spruce_trapdoor":36,"minecraft:phantom_membrane":1,"minecraft:raw_iron":214,"minecraft:copper_ingot":197,"minecraft:stone_button":5,"luminousworld:beastiary":1,"minecraft:light_blue_bed":9,"alexsmobs:leafcutter_ant_pupa":2,"minecraft:stone_pressure_plate":2,"minecraft:dark_oak_planks":1,"ad_astra:steel_ingot":3,"ad_astra:steel_plate":53,"minecraft:purple_candle":1,"minecraft:weeping_vines":2,"minecraft:arrow":34,"minecraft:pumpkin_pie":9,"alexscaves:spelunkery_table":2,"minecraft:stripped_dark_oak_wood":5,"minecraft:glistering_melon_slice":3,"minecraft:brick_stairs":2,"born_in_chaos_v1:trident_hayfork":1,"minecraft:skeleton_skull":4,"born_in_chaos_v1:fused_bone":1,"born_in_chaos_v1:corpse_maggot":79,"artifacts:eternal_steak":6,"minecraft:glow_ink_sac":1,"minecraft:salmon":10,"minecraft:leather":13,"minecraft:mushroom_stew":2,"minecraft:crimson_fungus":1,"minecraft:chainmail_chestplate":3,"minecraft:yellow_glazed_terracotta":1,"minecraft:gunpowder":15,"minecraft:yellow_bed":3,"minecraft:cobblestone_wall":3,"minecraft:cobblestone_stairs":21,"minecraft:cooked_mutton":1,"minecraft:gray_carpet":6,"minecraft:iron_ingot":445,"artifacts:whoopee_cushion":2,"minecraft:acacia_sapling":3,"minecraft:soul_sand":55,"iceandfire:crackled_cobblestone":1,"sophisticatedbackpacks:diamond_backpack":2,"minecraft:book":146,"minecraft:scaffolding":17,"minecraft:oak_slab":1,"minecraft:chiseled_stone_bricks":2,"born_in_chaos_v1:dark_rod":1,"ad_astra:space_helmet":6,"minecraft:red_banner":1,"minecraft:blast_furnace":21,"minecraft:white_bed":3,"minecraft:spider_eye":14,"luminousworld:whiteoaklog":1,"minecraft:pumpkin_seeds":3,"minecraft:chainmail_leggings":3,"minecraft:iron_helmet":3,"vanillaplustools:stone_hammer":1,"minecraft:mossy_cobblestone_stairs":1,"securitycraft:door_indestructible_iron_item":3,"tombstone:magic_scroll":4,"minecraft:acacia_slab":34,"minecraft:damaged_anvil":5,"minecraft:coal":1151,"minecraft:sunflower":2},"minecraft:mined":{"minecraft:dark_oak_planks":1,"minecraft:white_bed":3,"minecraft:potted_crimson_fungus":1,"minecraft:obsidian":19,"minecraft:carved_pumpkin":1,"minecraft:granite":125,"minecraft:acacia_log":109,"placeablesmod:carrot_block_1":15,"minecraft:jungle_log":2,"minecraft:coal_block":3,"ad_astra:compressor":2,"minecraft:acacia_pressure_plate":1,"minecraft:chiseled_stone_bricks":1,"luminousworld:savanna_grass_2":11,"minecraft:spawner":1,"ironchest:crystal_chest":4,"ad_astra:moon_cheese_ore":6,"minecraft:mossy_cobblestone_stairs":1,"minecraft:dark_oak_trapdoor":1,"minecraft:fire":26,"minecraft:barrel":22,"minecraft:sticky_piston":4,"minecraft:cobbled_deepslate":53,"minecraft:deepslate_lapis_ore":40,"minecraft:stripped_dark_oak_wood":6,"minecraft:water_cauldron":2,"minecraft:dirt_path":8,"minecraft:player_head":5,"minecraft:orange_bed":6,"ad_astra:steel_cable":4,"minecraft:amethyst_cluster":1,"iceandfire:podium_acacia":1,"minecraft:torch":37,"minecraft:blast_furnace":22,"minecraft:melon":21,"minecraft:polished_andesite_stairs":4,"minecraft:spruce_wall_sign":1,"minecraft:glass":5,"minecraft:sugar_cane":16,"minecraft:damaged_anvil":5,"minecraft:spruce_sign":1,"minecraft:skeleton_skull":2,"minecraft:chain":5,"minecraft:wheat":159,"minecraft:magenta_bed":2,"minecraft:yellow_glazed_terracotta":1,"minecraft:wither_rose":2,"minecraft:stone_brick_stairs":1,"minecraft:grass":39,"ad_astra:moon_stone":1,"born_in_chaos_v1:infernal_evil_pumpkin_s":1,"minecraft:deepslate":2696,"luminousworld:savannah_ground":36,"minecraft:yellow_terracotta":46,"iceandfire:silver_ore":11,"minecraft:mossy_cobblestone":14,"minecraft:purple_candle":1,"placeablesmod:wheat_block_1":3,"born_in_chaos_v1:black_argillite":6,"born_in_chaos_v1:fel_soil":54,"minecraft:redstone_wire":7,"iceandfire:deepslate_silver_ore":4,"minecraft:potted_bamboo":2,"minecraft:cartography_table":2,"born_in_chaos_v1:gnawed_bones":1,"minecraft:redstone_ore":6,"placeablesmod:water_bucket_block":4,"minecraft:andesite":61,"ad_astra:nasa_workbench":2,"minecraft:vine":4,"minecraft:rail":2,"minecraft:white_wool":6,"minecraft:cake":2,"minecraft:smithing_table":1,"minecraft:oak_slab":1,"luminousworld:savannah_soil":187,"minecraft:glass_pane":10,"minecraft:brown_carpet":2,"minecraft:emerald_ore":22,"minecraft:potted_oxeye_daisy":4,"minecraft:copper_ore":67,"minecraft:tall_grass":3,"friendsandfoes:acacia_beehive":1,"minecraft:deepslate_gold_ore":18,"minecraft:diorite":33,"minecraft:orange_carpet":7,"minecraft:purple_bed":2,"minecraft:red_terracotta":214,"minecraft:coarse_dirt":1,"minecraft:light_blue_bed":9,"minecraft:cobblestone_wall":3,"minecraft:white_carpet":4,"minecraft:red_wall_banner":1,"luminousworld:ishstone":69,"minecraft:zombie_head":3,"minecraft:sunflower":4,"minecraft:gravel":7,"minecraft:acacia_door":4,"minecraft:cobweb":127,"minecraft:acacia_planks":106,"quark:crimson_chest":1,"minecraft:stone_bricks":30,"luminousworld:elephant_grass":12,"minecraft:chipped_anvil":2,"minecraft:gold_ore":9,"minecraft:fern":3,"minecraft:large_amethyst_bud":3,"minecraft:spruce_planks":2,"minecraft:farmland":1,"minecraft:cobblestone_stairs":18,"minecraft:brewing_stand":2,"placeablesmod:melon_block_1":5,"minecraft:spruce_trapdoor":36,"minecraft:grass_block":14,"iceandfire:lectern":2,"minecraft:soul_soil":1,"iceandfire:crackled_cobblestone":1,"minecraft:smooth_stone":1,"minecraft:glowstone":3,"minecraft:iron_ore":177,"minecraft:turtle_egg":4,"minecraft:black_carpet":1,"minecraft:anvil":4,"ad_astra:fuel_refinery":1,"luminousworld:creepbush":6,"minecraft:deepslate_redstone_ore":11,"ad_astra:moon_ice_shard_ore":14,"minecraft:cyan_terracotta":1,"luminousworld:tall_deadbush":2,"minecraft:melon_stem":8,"minecraft:medium_amethyst_bud":1,"minecraft:soul_lantern":2,"minecraft:calcite":19,"minecraft:chest":12,"minecraft:cobblestone":250,"minecraft:oak_planks":32,"placeablesmod:bread_full_block":19,"minecraft:iron_door":1,"minecraft:wall_torch":85,"minecraft:cauldron":1,"minecraft:seagrass":1,"placeablesmod:gold_apple_block":1,"placeablesmod:cooked_pork_block":2,"minecraft:acacia_sapling":1,"minecraft:dark_oak_slab":2,"minecraft:tnt":3,"minecraft:smooth_stone_slab":2,"minecraft:oak_log":66,"minecraft:acacia_fence":73,"minecraft:sand":278,"minecraft:dirt":84,"luminousworld:savannah_grass_4":22,"minecraft:oak_leaves":24,"alexscaves:spelunkery_table":2,"minecraft:tuff":375,"minecraft:yellow_wall_banner":1,"minecraft:dark_oak_leaves":6,"minecraft:deepslate_diamond_ore":26,"born_in_chaos_v1:infected_diamond_ore":6,"minecraft:lever":2,"minecraft:stone_button":2,"minecraft:brick_stairs":2,"quark:acacia_chest":18,"minecraft:acacia_slab":31,"minecraft:large_fern":1,"minecraft:hay_block":126,"minecraft:furnace":15,"minecraft:carrots":25,"minecraft:acacia_stairs":20,"minecraft:polished_deepslate":1,"minecraft:bookshelf":43,"minecraft:deepslate_iron_ore":74,"minecraft:lantern":6,"minecraft:stripped_oak_log":7,"minecraft:stone":1572,"minecraft:redstone_wall_torch":2,"iceandfire:pixie_jar_empty":2,"minecraft:scaffolding":17,"minecraft:acacia_leaves":31,"minecraft:crafting_table":10,"placeablesmod:apple_block":1,"luminousworld:savannah_grass_1":22,"ad_astra:etrionic_blast_furnace":2,"minecraft:rose_bush":4,"minecraft:lectern":1,"minecraft:stone_slab":29,"minecraft:lapis_ore":35,"minecraft:blue_bed":10,"supplementaries:urn":31,"minecraft:spruce_stairs":20,"minecraft:gray_wool":12,"minecraft:acacia_fence_gate":19,"minecraft:gray_bed":6,"minecraft:white_wall_banner":1,"minecraft:yellow_bed":2,"minecraft:coal_ore":422,"ad_astra:oxygen_loader":3,"minecraft:flower_pot":5,"ad_astra:coal_generator":4,"minecraft:gray_carpet":5,"minecraft:cracked_stone_bricks":8,"minecraft:mossy_stone_bricks":7,"minecraft:acacia_wall_sign":1},"minecraft:used":{"iceandfire:lectern":1,"minecraft:jack_o_lantern":1,"minecraft:writable_book":3,"minecraft:stone":7,"born_in_chaos_v1:soul_cutlass":84,"minecraft:acacia_sapling":6,"minecraft:lava_bucket":4,"minecraft:birch_sapling":1,"minecraft:polished_andesite_stairs":1,"ad_astra:oxygen_loader":3,"minecraft:bow":118,"minecraft:oak_sapling":3,"minecraft:yellow_glazed_terracotta":1,"minecraft:furnace":21,"minecraft:acacia_fence":76,"minecraft:potato":4,"friendsandfoes:buttercup":1,"minecraft:mossy_stone_bricks":10,"minecraft:diorite":36,"minecraft:damaged_anvil":4,"securitycraft:door_indestructible_iron_item":3,"artifacts:eternal_steak":6,"minecraft:cookie":10,"minecraft:glow_berries":1,"minecraft:golden_apple":2,"minecraft:blast_furnace":26,"earthmobsmod:duck_egg":3,"minecraft:zombie_head":2,"minecraft:stone_button":2,"minecraft:red_terracotta":105,"ad_astra:launch_pad":3,"minecraft:soul_lantern":4,"minecraft:diamond_sword":806,"ad_astra:fuel_refinery":1,"minecraft:acacia_log":11,"minecraft:enchanting_table":1,"minecraft:armor_stand":6,"ad_astra:moon_cobblestone":1,"vanillaplustools:stone_hammer":352,"minecraft:orange_bed":6,"minecraft:torch":516,"minecraft:brewing_stand":1,"minecraft:anvil":4,"minecraft:yellow_carpet":1,"minecraft:mossy_cobblestone_stairs":1,"minecraft:chipped_anvil":2,"minecraft:iron_axe":404,"minecraft:barrel":12,"minecraft:melon_seeds":18,"luminousworld:savannah_soil":280,"minecraft:iron_trapdoor":3,"tombstone:gift":16,"minecraft:cobbled_deepslate":538,"minecraft:acacia_planks":87,"minecraft:calcite":5,"minecraft:wheat_seeds":72,"minecraft:water_bucket":27,"minecraft:bundle":2,"minecraft:cartography_table":2,"minecraft:cauldron":2,"minecraft:cracked_stone_bricks":6,"minecraft:mossy_cobblestone":8,"minecraft:rail":2,"minecraft:oak_slab":1,"minecraft:crafting_table":13,"supplementaries:bomb":3,"vanillaplustools:stone_shovel":52,"minecraft:white_bed":3,"minecraft:cake":2,"ad_astra:nasa_workbench":2,"minecraft:diamond_pickaxe":1628,"minecraft:acacia_sign":4,"minecraft:sunflower":1,"minecraft:iron_pickaxe":2086,"minecraft:spruce_trapdoor":20,"minecraft:chiseled_stone_bricks":1,"minecraft:cobblestone":1069,"minecraft:potion":1,"minecraft:acacia_pressure_plate":4,"minecraft:cooked_porkchop":46,"minecraft:purple_candle":1,"minecraft:iron_shovel":135,"minecraft:shield":3,"minecraft:iron_sword":891,"luminousworld:savannah_ground":51,"minecraft:player_head":2,"minecraft:iron_chestplate":1,"minecraft:carrot":240,"minecraft:tuff":64,"minecraft:glass":1,"minecraft:lantern":10,"minecraft:light_blue_bed":8,"born_in_chaos_v1:gnawed_bones":1,"luminousworld:elephant_grass":8,"minecraft:stone_bricks":29,"minecraft:item_frame":54,"minecraft:brown_carpet":4,"minecraft:written_book":1,"minecraft:scaffolding":2,"minecraft:gray_bed":6,"minecraft:skeleton_skull":1,"iceandfire:pixie_jar_empty":1,"ad_astra:etrionic_blast_furnace":2,"minecraft:gray_carpet":2,"minecraft:oak_planks":18,"ad_astra:compressor":3,"ad_astra:steel_cable":13,"minecraft:sugar_cane":13,"minecraft:diamond_axe":909,"minecraft:blue_bed":4,"minecraft:yellow_terracotta":8,"alexscaves:cave_book":1,"minecraft:mushroom_stew":1,"minecraft:acacia_door":1,"minecraft:melon_slice":77,"minecraft:bread":432,"minecraft:iron_door":3,"minecraft:gravel":5,"tombstone:familiar_stone":2,"minecraft:grindstone":1,"minecraft:cooked_rabbit":1,"minecraft:andesite":8,"minecraft:coarse_dirt":3,"ironchest:crystal_chest":5,"minecraft:bone_meal":240,"minecraft:golden_pickaxe":18,"minecraft:cobweb":12,"minecraft:experience_bottle":5,"minecraft:flint_and_steel":18,"minecraft:stone_shovel":16,"born_in_chaos_v1:black_argillite":1,"minecraft:dirt":61,"minecraft:white_carpet":1,"minecraft:hopper":4,"minecraft:spruce_stairs":4,"minecraft:cobblestone_wall":3,"ad_astra:tier_1_rocket":3,"minecraft:granite":191,"minecraft:iron_hoe":1,"minecraft:bookshelf":18,"minecraft:acacia_slab":88,"alexscaves:spelunkery_table":2,"iceandfire:armor_copper_metal_helmet":1,"minecraft:cooked_beef":5,"ad_astra:coal_generator":4,"minecraft:cobbled_deepslate_wall":3,"minecraft:cooked_mutton":1,"minecraft:acacia_boat":4,"minecraft:cobblestone_stairs":20,"minecraft:polished_andesite":1,"minecraft:baked_potato":6,"minecraft:spruce_sign":5,"luminousworld:ishstone":34,"quark:acacia_chest":37,"minecraft:magenta_bed":2,"minecraft:painting":7,"tombstone:bag_of_seeds":5,"minecraft:flower_pot":6,"minecraft:acacia_stairs":19,"minecraft:apple":50,"minecraft:map":1,"minecraft:stone_slab":97,"minecraft:acacia_fence_gate":3,"minecraft:cobbled_deepslate_slab":3,"minecraft:bucket":88,"minecraft:pumpkin_pie":17,"minecraft:yellow_bed":2,"alexsmobs:animal_dictionary":4,"minecraft:soul_torch":11},"minecraft:dropped":{"sophisticatedbackpacks:upgrade_base":3,"minecraft:iron_sword":2,"minecraft:porkchop":2,"minecraft:glow_ink_sac":1,"minecraft:diamond":2,"minecraft:crafting_table":3,"minecraft:cracked_stone_bricks":3,"minecraft:rail":63,"minecraft:emerald":8,"sophisticatedbackpacks:gold_backpack":1,"ad_astra:desh_ingot":6,"minecraft:dirt":78,"minecraft:stone_button":1,"minecraft:tnt_minecart":2,"minecraft:writable_book":1,"minecraft:sunflower":1,"minecraft:sand":11,"minecraft:iron_pickaxe":4,"minecraft:bone":6,"minecraft:lever":3,"minecraft:detector_rail":2,"minecraft:cobbled_deepslate":437,"minecraft:black_carpet":1,"alexscaves:cave_tablet":4,"minecraft:wheat":3,"undead_revamp2:arapholia":1,"minecraft:rotten_flesh":165,"minecraft:oak_planks":3,"ad_astra:iron_rod":12,"minecraft:blaze_powder":5,"minecraft:salmon":1,"supplementaries:flax_seeds":4,"alexscaves:cave_book":1,"ad_astra:space_suit":2,"artifacts:panic_necklace":1,"minecraft:leather_boots":1,"minecraft:acacia_sapling":2,"minecraft:painting":2,"luminousworld:beastiary":1,"minecraft:iron_ingot":134,"minecraft:wheat_seeds":128,"luminousworld:ishstone":18,"ad_astra:space_pants":2,"minecraft:feather":1,"minecraft:cobblestone":32,"ad_astra:space_boots":2,"artifacts:whoopee_cushion":1,"minecraft:granite":30,"endrem:lost_eye":1,"minecraft:coal":281,"minecraft:coal_block":3,"minecraft:oxeye_daisy":4,"born_in_chaos_v1:gnawed_bones":1,"born_in_chaos_v1:black_argillite":5,"ad_astra:steel_ingot":6,"ad_astra:iron_plate":2,"minecraft:rose_bush":1,"minecraft:potion":1,"ad_astra:ice_shard":29,"minecraft:chainmail_leggings":1,"minecraft:iron_shovel":7,"minecraft:paper":6,"minecraft:string":9,"minecraft:trapped_chest":2,"minecraft:gray_carpet":2,"minecraft:acacia_planks":53,"minecraft:cocoa_beans":3,"minecraft:bowl":1,"minecraft:chicken":1,"minecraft:white_carpet":10,"minecraft:oak_sign":2,"minecraft:torchflower_seeds":3,"earthmobsmod:harder_flesh":1,"minecraft:diamond_sword":2,"minecraft:potato":4,"minecraft:flower_pot":1,"minecraft:bundle":5,"minecraft:diamond_pickaxe":1,"artifacts:eternal_steak":6,"minecraft:redstone_torch":1,"minecraft:stone_pressure_plate":2,"minecraft:spider_eye":9,"minecraft:stone_bricks":2,"luminousworld:elephant_grass":1,"minecraft:bow":2,"minecraft:red_tulip":1,"minecraft:golden_pickaxe":1,"minecraft:lantern":1,"minecraft:chest_minecart":3,"minecraft:jungle_planks":3,"minecraft:mangrove_planks":8,"minecraft:flint":1,"minecraft:cobblestone_stairs":32,"tombstone:bag_of_seeds":2,"ad_astra:steel_plate":62,"minecraft:armor_stand":2,"minecraft:gravel":7,"born_in_chaos_v1:ethereal_spirit":2,"luminousworld:tall_deadbush":1,"aether:leather_gloves":1,"quark:crimson_chest":3,"sophisticatedbackpacks:diamond_backpack":2,"minecraft:carrot":21,"supplementaries:antique_ink":3,"minecraft:chainmail_chestplate":1,"minecraft:chiseled_stone_bricks":1,"minecraft:leather_chestplate":1,"supplementaries:ash":24,"minecraft:skeleton_skull":1,"born_in_chaos_v1:corpse_maggot":27,"minecraft:melon_seeds":1,"minecraft:acacia_slab":3,"vanillaplustools:stone_hammer":7,"minecraft:arrow":2,"minecraft:powered_rail":3,"minecraft:written_book":2,"born_in_chaos_v1:dark_rod":1,"ad_astra:space_helmet":4,"minecraft:bread":66,"luminousworld:creepberries":1,"minecraft:activator_rail":3,"minecraft:spruce_stairs":2,"minecraft:acacia_log":30,"minecraft:stick":19,"born_in_chaos_v1:pumpkin_staff":1,"minecraft:brewing_stand":1,"tombstone:magic_scroll":1,"minecraft:leather_horse_armor":1,"minecraft:torch":198,"luminousworld:savannah_ground":1,"tombstone:grave_dust":2,"minecraft:iron_leggings":2,"ad_astra:oil_bucket":1,"minecraft:iron_axe":1,"sophisticatedbackpacks:crafting_upgrade":1,"minecraft:bucket":15,"minecraft:redstone":8,"minecraft:coarse_dirt":1,"minecraft:raw_copper":146,"minecraft:tuff":151,"minecraft:raw_iron":8,"minecraft:stripped_oak_log":1,"minecraft:totem_of_undying":1,"minecraft:filled_map":4,"aether:chainmail_gloves":1,"minecraft:iron_chestplate":1,"minecraft:andesite":16,"minecraft:mossy_stone_bricks":3},"minecraft:crafted":{"sophisticatedbackpacks:crafting_upgrade":3,"ironchest:crystal_chest":1,"minecraft:glass":37,"minecraft:iron_door":3,"minecraft:acacia_fence":21,"vanillaplustools:stone_shovel":1,"minecraft:cooked_rabbit":1,"minecraft:cooked_porkchop":64,"minecraft:acacia_slab":6,"minecraft:cobbled_deepslate_wall":6,"minecraft:copper_ingot":37,"minecraft:stone_slab":6,"minecraft:iron_pickaxe":4,"minecraft:gold_ingot":14,"minecraft:stone_shovel":1,"vanillaplustools:stone_hammer":8,"iceandfire:armor_copper_metal_leggings":1,"minecraft:jack_o_lantern":1,"iceandfire:armor_copper_metal_helmet":2,"ad_astra:steel_block":1,"minecraft:stone_pickaxe":3,"minecraft:wheat":297,"ad_astra:space_pants":1,"ironchest:gold_chest":2,"minecraft:enchanting_table":1,"sophisticatedbackpacks:gold_backpack":3,"minecraft:acacia_stairs":8,"securitycraft:door_indestructible_iron_item":1,"minecraft:acacia_sign":3,"minecraft:iron_shovel":1,"minecraft:white_bed":1,"minecraft:grindstone":1,"minecraft:oak_planks":48,"minecraft:acacia_pressure_plate":4,"minecraft:cobblestone_stairs":32,"minecraft:stone":75,"iceandfire:armor_copper_metal_boots":1,"minecraft:hopper":4,"minecraft:bow":2,"minecraft:oak_slab":12,"sophisticatedbackpacks:backpack":2,"minecraft:crafting_table":8,"minecraft:baked_potato":5,"sophisticatedbackpacks:upgrade_base":3,"minecraft:charcoal":1,"minecraft:diamond_pickaxe":1,"minecraft:shield":1,"sophisticatedbackpacks:diamond_backpack":1,"minecraft:stick":104,"minecraft:iron_ingot":267,"minecraft:redstone_torch":2,"ad_astra:iron_rod":8,"minecraft:furnace":5,"minecraft:flint_and_steel":1,"quark:acacia_chest":6,"minecraft:iron_axe":3,"ad_astra:steel_cable":16,"minecraft:cobblestone_wall":6,"ad_astra:nasa_workbench":1,"sophisticatedbackpacks:iron_backpack":2,"minecraft:cooked_beef":5,"minecraft:iron_trapdoor":3,"minecraft:iron_sword":10,"ironchest:copper_chest":2,"minecraft:mangrove_planks":8,"minecraft:bucket":12,"minecraft:air":0,"minecraft:bread":87,"minecraft:acacia_boat":1,"minecraft:acacia_planks":96,"minecraft:torch":380},"minecraft:custom":{"minecraft:interact_with_crafting_table":46,"minecraft:open_barrel":34,"minecraft:eat_cake_slice":2,"minecraft:leave_game":18,"minecraft:time_since_death":117950,"minecraft:damage_blocked_by_shield":330,"minecraft:play_time":1526576,"minecraft:deaths":31,"minecraft:jump":24093,"minecraft:enchant_item":3,"minecraft:interact_with_furnace":112,"minecraft:interact_with_cartography_table":1,"minecraft:sleep_in_bed":77,"tombstone:sneak_grave":9,"minecraft:damage_dealt":103633,"tombstone:undead_killed":476,"minecraft:interact_with_smoker":1,"minecraft:horse_one_cm":4863,"minecraft:interact_with_smithing_table":1,"minecraft:interact_with_anvil":8,"minecraft:inspect_hopper":4,"minecraft:damage_dealt_absorbed":279,"minecraft:sneak_time":222077,"minecraft:interact_with_blast_furnace":107,"minecraft:total_world_time":1526576,"tombstone:raider_killed":10,"minecraft:interact_with_stonecutter":1,"minecraft:time_since_rest":9559,"tombstone:cast_on_ally":2,"minecraft:swim_one_cm":69975,"minecraft:fly_one_cm":4444849,"minecraft:open_chest":924,"minecraft:fall_one_cm":515552,"minecraft:animals_bred":198,"minecraft:sprint_one_cm":3609781,"minecraft:drop":350,"minecraft:talked_to_villager":10,"minecraft:interact_with_brewingstand":1,"minecraft:walk_on_water_one_cm":240507,"minecraft:interact_with_loom":7,"minecraft:player_kills":1,"minecraft:crouch_one_cm":694132,"minecraft:mob_kills":951,"minecraft:damage_dealt_resisted":3181,"minecraft:climb_one_cm":53015,"minecraft:walk_one_cm":4606472,"minecraft:walk_under_water_one_cm":137997,"minecraft:boat_one_cm":266550,"minecraft:pot_flower":1,"minecraft:interact_with_grindstone":1,"minecraft:damage_taken":37781,"minecraft:damage_absorbed":71,"minecraft:trigger_trapped_chest":3},"minecraft:broken":{"minecraft:iron_sword":2,"aether:iron_gloves":2,"iceandfire:armor_copper_metal_leggings":1,"vanillaplustools:stone_hammer":2,"minecraft:iron_axe":1,"minecraft:iron_pickaxe":4,"iceandfire:armor_copper_metal_helmet":1,"iceandfire:armor_copper_metal_chestplate":1,"iceandfire:armor_copper_metal_boots":1}},"DataVersion":3465}