{"stats":{"minecraft:dropped":{"sophisticatedbackpacks:upgrade_base":3,"minecraft:iron_sword":1,"minecraft:glow_ink_sac":1,"minecraft:diamond":2,"minecraft:crafting_table":3,"minecraft:cracked_stone_bricks":3,"minecraft:rail":18,"sophisticatedbackpacks:gold_backpack":1,"minecraft:dirt":34,"minecraft:stone_button":1,"minecraft:tnt_minecart":2,"minecraft:writable_book":1,"minecraft:sunflower":1,"minecraft:sand":11,"minecraft:iron_pickaxe":4,"minecraft:lever":3,"minecraft:detector_rail":2,"minecraft:cobbled_deepslate":157,"alexscaves:cave_tablet":4,"minecraft:wheat":1,"undead_revamp2:arapholia":1,"minecraft:rotten_flesh":144,"minecraft:oak_planks":3,"ad_astra:iron_rod":12,"minecraft:blaze_powder":5,"minecraft:salmon":1,"alexscaves:cave_book":1,"minecraft:leather_boots":1,"minecraft:acacia_sapling":2,"minecraft:painting":2,"luminousworld:beastiary":1,"minecraft:iron_ingot":134,"minecraft:wheat_seeds":120,"minecraft:cobblestone":2,"artifacts:whoopee_cushion":1,"endrem:lost_eye":1,"minecraft:coal":191,"minecraft:coal_block":3,"minecraft:oxeye_daisy":4,"born_in_chaos_v1:gnawed_bones":1,"born_in_chaos_v1:black_argillite":5,"ad_astra:steel_ingot":6,"ad_astra:iron_plate":2,"minecraft:rose_bush":1,"minecraft:iron_shovel":7,"minecraft:chainmail_leggings":1,"minecraft:paper":6,"minecraft:trapped_chest":2,"minecraft:bowl":1,"minecraft:oak_sign":2,"earthmobsmod:harder_flesh":1,"minecraft:diamond_sword":2,"minecraft:potato":4,"minecraft:flower_pot":1,"minecraft:bundle":5,"minecraft:diamond_pickaxe":1,"artifacts:eternal_steak":6,"minecraft:redstone_torch":1,"minecraft:stone_pressure_plate":2,"minecraft:stone_bricks":2,"minecraft:spider_eye":9,"luminousworld:elephant_grass":1,"minecraft:red_tulip":1,"minecraft:golden_pickaxe":1,"minecraft:lantern":1,"minecraft:mangrove_planks":8,"minecraft:cobblestone_stairs":32,"minecraft:flint":1,"tombstone:bag_of_seeds":2,"ad_astra:steel_plate":62,"minecraft:armor_stand":2,"minecraft:gravel":7,"born_in_chaos_v1:ethereal_spirit":2,"luminousworld:tall_deadbush":1,"aether:leather_gloves":1,"quark:crimson_chest":3,"minecraft:carrot":21,"supplementaries:antique_ink":3,"minecraft:leather_chestplate":1,"supplementaries:ash":22,"minecraft:skeleton_skull":1,"born_in_chaos_v1:corpse_maggot":10,"vanillaplustools:stone_hammer":7,"minecraft:arrow":2,"minecraft:powered_rail":3,"minecraft:written_book":2,"born_in_chaos_v1:dark_rod":1,"minecraft:bread":46,"minecraft:activator_rail":3,"minecraft:spruce_stairs":2,"minecraft:acacia_log":30,"minecraft:stick":19,"minecraft:leather_horse_armor":1,"minecraft:torch":168,"luminousworld:savannah_ground":1,"tombstone:grave_dust":1,"minecraft:iron_leggings":2,"minecraft:iron_axe":1,"sophisticatedbackpacks:crafting_upgrade":1,"minecraft:redstone":6,"minecraft:raw_copper":146,"minecraft:tuff":151,"minecraft:raw_iron":8,"minecraft:filled_map":1,"aether:chainmail_gloves":1,"minecraft:iron_chestplate":1,"minecraft:mossy_stone_bricks":2},"minecraft:broken":{"minecraft:iron_sword":2,"aether:iron_gloves":2,"iceandfire:armor_copper_metal_leggings":1,"vanillaplustools:stone_hammer":2,"minecraft:iron_axe":1,"minecraft:iron_pickaxe":4,"iceandfire:armor_copper_metal_helmet":1,"iceandfire:armor_copper_metal_chestplate":1,"iceandfire:armor_copper_metal_boots":1},"minecraft:killed":{"minecraft:cave_spider":28,"minecraft:skeleton":106,"luminousworld:ringlet":1,"undead_revamp2:thespitter":1,"enemyexpansion:vampflyer":2,"mutantmonsters:mutant_skeleton":1,"minecraft:zombie":243,"born_in_chaos_v1:corpse_fly":10,"enemyexpansion:botfly":61,"born_in_chaos_v1:door_knight":2,"minecraft:cow":2,"illagerinvasion:marauder":1,"undead_revamp2:bomber":1,"born_in_chaos_v1:dire_hound_leader":1,"minecraft:husk":7,"earthmobsmod:bouldering_zombie":1,"undead_revamp2:the_moonflower":9,"enemyexpansion:sprinter":1,"born_in_chaos_v1:decrepit_skeleton":2,"undead_revamp2:thesomnolence":6,"iceandfire:ghost":1,"born_in_chaos_v1:dark_vortex":1,"minecraft:spider":2,"born_in_chaos_v1:scarlet_persecutor":3,"minecraft:bee":1,"minecraft:silverfish":3,"minecraft:pig":170,"born_in_chaos_v1:diamond_termite":6,"minecraft:creeper":2,"luminousworld:savannah_skeleton":17,"born_in_chaos_v1:dread_hound":5,"undead_revamp2:theskeeper":1,"undead_revamp2:thegliter":2,"enemyexpansion:direwolf":2,"born_in_chaos_v1:zombie_bruiser":1,"born_in_chaos_v1:maggot":65,"minecraft:drowned":5,"luminousworld:savannah_zombie":9,"born_in_chaos_v1:fallen_chaos_knight":1,"born_in_chaos_v1:spirit_guide_assistant":1},"minecraft:crafted":{"sophisticatedbackpacks:crafting_upgrade":3,"ironchest:crystal_chest":1,"minecraft:glass":37,"minecraft:iron_door":3,"minecraft:acacia_fence":21,"vanillaplustools:stone_shovel":1,"minecraft:cooked_rabbit":1,"minecraft:cobbled_deepslate_wall":6,"minecraft:copper_ingot":37,"minecraft:stone_slab":6,"minecraft:iron_pickaxe":4,"minecraft:gold_ingot":14,"minecraft:stone_shovel":1,"vanillaplustools:stone_hammer":8,"iceandfire:armor_copper_metal_leggings":1,"minecraft:jack_o_lantern":1,"iceandfire:armor_copper_metal_helmet":2,"ad_astra:steel_block":1,"minecraft:stone_pickaxe":3,"minecraft:wheat":297,"ironchest:gold_chest":2,"minecraft:enchanting_table":1,"sophisticatedbackpacks:gold_backpack":3,"minecraft:acacia_stairs":8,"securitycraft:door_indestructible_iron_item":1,"minecraft:acacia_sign":3,"minecraft:iron_shovel":1,"minecraft:grindstone":1,"minecraft:oak_planks":48,"minecraft:acacia_pressure_plate":2,"minecraft:cobblestone_stairs":32,"minecraft:stone":75,"iceandfire:armor_copper_metal_boots":1,"minecraft:hopper":4,"minecraft:bow":2,"minecraft:oak_slab":12,"sophisticatedbackpacks:backpack":2,"minecraft:crafting_table":8,"minecraft:baked_potato":5,"sophisticatedbackpacks:upgrade_base":3,"minecraft:charcoal":1,"minecraft:diamond_pickaxe":1,"sophisticatedbackpacks:diamond_backpack":1,"minecraft:stick":104,"minecraft:iron_ingot":253,"minecraft:redstone_torch":2,"ad_astra:iron_rod":8,"minecraft:furnace":5,"minecraft:flint_and_steel":1,"quark:acacia_chest":6,"minecraft:iron_axe":3,"minecraft:cobblestone_wall":6,"ad_astra:nasa_workbench":1,"sophisticatedbackpacks:iron_backpack":2,"minecraft:cooked_beef":5,"minecraft:iron_trapdoor":3,"minecraft:iron_sword":10,"ironchest:copper_chest":2,"minecraft:mangrove_planks":8,"minecraft:bucket":2,"minecraft:bread":87,"minecraft:air":0,"minecraft:acacia_planks":96,"minecraft:torch":180},"minecraft:custom":{"minecraft:interact_with_crafting_table":46,"minecraft:open_barrel":23,"minecraft:eat_cake_slice":2,"minecraft:leave_game":15,"minecraft:time_since_death":113184,"minecraft:play_time":1129607,"minecraft:deaths":21,"minecraft:jump":16170,"minecraft:enchant_item":3,"minecraft:interact_with_furnace":99,"minecraft:sleep_in_bed":52,"tombstone:sneak_grave":7,"minecraft:damage_dealt":86995,"tombstone:undead_killed":414,"minecraft:horse_one_cm":4863,"minecraft:interact_with_anvil":5,"minecraft:inspect_hopper":3,"minecraft:damage_dealt_absorbed":251,"minecraft:sneak_time":164864,"minecraft:interact_with_blast_furnace":92,"minecraft:total_world_time":1129607,"tombstone:raider_killed":1,"minecraft:time_since_rest":5262,"tombstone:cast_on_ally":2,"minecraft:swim_one_cm":50583,"minecraft:fly_one_cm":2765894,"minecraft:open_chest":620,"minecraft:fall_one_cm":305779,"minecraft:animals_bred":198,"minecraft:sprint_one_cm":2565859,"minecraft:drop":256,"minecraft:talked_to_villager":3,"minecraft:walk_on_water_one_cm":149813,"minecraft:interact_with_loom":5,"minecraft:player_kills":1,"minecraft:crouch_one_cm":524288,"minecraft:mob_kills":828,"minecraft:damage_dealt_resisted":1776,"minecraft:climb_one_cm":33973,"minecraft:walk_one_cm":3702099,"minecraft:walk_under_water_one_cm":91714,"minecraft:boat_one_cm":63030,"minecraft:pot_flower":1,"minecraft:interact_with_grindstone":1,"minecraft:damage_taken":26871,"minecraft:damage_absorbed":71,"minecraft:trigger_trapped_chest":2},"minecraft:picked_up":{"minecraft:iron_chestplate":2,"minecraft:chainmail_boots":2,"minecraft:flower_pot":14,"minecraft:anvil":4,"minecraft:stone_slab":30,"minecraft:diamond_sword":7,"minecraft:smithing_table":2,"minecraft:lead":2,"minecraft:acacia_pressure_plate":1,"minecraft:wither_rose":1,"minecraft:enchanted_book":4,"minecraft:infested_stone":20,"minecraft:brewing_stand":1,"minecraft:polished_deepslate":1,"iceandfire:manuscript":4,"minecraft:string":204,"minecraft:dark_oak_trapdoor":1,"minecraft:beetroot":6,"minecraft:cobbled_deepslate":3077,"minecraft:gold_nugget":12,"minecraft:acacia_sign":1,"minecraft:spruce_planks":2,"minecraft:acacia_fence_gate":18,"minecraft:written_book":1,"minecraft:melon_slice":96,"minecraft:coal_block":3,"minecraft:mangrove_log":2,"minecraft:acacia_log":144,"minecraft:golden_axe":1,"minecraft:cauldron":2,"ad_astra:space_boots":3,"minecraft:brown_carpet":5,"minecraft:yellow_banner":1,"minecraft:orange_bed":6,"quark:clear_shard":17,"minecraft:cyan_terracotta":1,"minecraft:red_tulip":1,"minecraft:carved_pumpkin":1,"supplementaries:ash":57,"minecraft:iron_door":1,"minecraft:water_bucket":4,"minecraft:flint":3,"minecraft:magenta_bed":2,"minecraft:map":1,"minecraft:lantern":12,"ad_astra:steel_block":6,"minecraft:chipped_anvil":2,"undead_revamp2:blacpetalblock":1,"luminousworld:elephant_grass":6,"minecraft:rabbit":1,"sophisticatedbackpacks:iron_backpack":1,"minecraft:acacia_stairs":20,"minecraft:trapped_chest":3,"minecraft:red_terracotta":210,"minecraft:barrel":22,"minecraft:bundle":9,"minecraft:polished_andesite":1,"iceandfire:lectern":2,"minecraft:lever":3,"minecraft:writable_book":2,"minecraft:granite":241,"minecraft:chainmail_helmet":2,"minecraft:bread":61,"minecraft:diamond_pickaxe":1,"iceandfire:raw_silver":12,"sophisticatedbackpacks:gold_backpack":1,"minecraft:crafting_table":15,"minecraft:coarse_dirt":1,"minecraft:leather_leggings":2,"minecraft:golden_pickaxe":2,"ad_astra:tier_1_rocket":3,"minecraft:acacia_door":1,"ad_astra:steel_rod":2,"minecraft:white_carpet":18,"minecraft:iron_shovel":9,"minecraft:cracked_stone_bricks":9,"iceandfire:bestiary":2,"minecraft:cartography_table":1,"minecraft:beef":6,"born_in_chaos_v1:gnawed_bones":2,"minecraft:iron_nugget":44,"minecraft:chest":2,"minecraft:cake":1,"born_in_chaos_v1:pieceofdarkmetal":6,"minecraft:carrot":471,"minecraft:redstone":22,"minecraft:tnt":3,"quark:acacia_chest":14,"ad_astra:nasa_workbench":2,"minecraft:hay_block":125,"minecraft:yellow_terracotta":50,"minecraft:gold_ingot":17,"minecraft:glow_berries":1,"minecraft:rail":20,"minecraft:oxeye_daisy":4,"minecraft:stripped_oak_log":6,"born_in_chaos_v1:monster_flesh":21,"minecraft:tripwire_hook":5,"luminousworld:ishstone":45,"minecraft:filled_map":2,"minecraft:oak_log":61,"minecraft:golden_boots":1,"minecraft:paper":18,"sophisticatedbackpacks:upgrade_base":3,"minecraft:stone_bricks":11,"minecraft:apple":33,"iceandfire:pixie_jar_empty":2,"tombstone:bag_of_seeds":2,"friendsandfoes:acacia_beehive":1,"minecraft:iron_sword":12,"minecraft:polished_andesite_stairs":5,"minecraft:dark_oak_slab":2,"born_in_chaos_v1:ethereal_spirit":2,"minecraft:gravel":12,"born_in_chaos_v1:fangofthe_hound_leader":2,"minecraft:leather_helmet":3,"minecraft:diamond_axe":1,"minecraft:painting":14,"minecraft:baked_potato":1,"minecraft:brown_banner":6,"minecraft:melon_seeds":22,"ad_astra:space_suit":3,"minecraft:wheat":251,"alexscaves:cave_tablet":4,"minecraft:potion":6,"born_in_chaos_v1:black_argillite":11,"minecraft:raw_copper":539,"minecraft:sticky_piston":5,"minecraft:smooth_stone_slab":3,"minecraft:iron_leggings":3,"minecraft:armor_stand":8,"minecraft:zombie_head":3,"minecraft:experience_bottle":5,"minecraft:oak_sign":2,"minecraft:activator_rail":3,"minecraft:tnt_minecart":4,"minecraft:smooth_stone":1,"earthmobsmod:duck_egg":3,"minecraft:bucket":2,"artifacts:aqua_dashers":1,"minecraft:rose_bush":3,"minecraft:redstone_torch":2,"minecraft:calcite":19,"minecraft:iron_pickaxe":8,"minecraft:furnace":12,"minecraft:iron_boots":1,"minecraft:stick":28,"minecraft:acacia_fence":68,"ironchest:crystal_chest":3,"minecraft:torch":354,"minecraft:spruce_stairs":20,"luminousworld:savannah_soil":173,"minecraft:porkchop":327,"tombstone:grave_dust":32,"minecraft:diorite":44,"minecraft:rotten_flesh":237,"supplementaries:antique_ink":3,"luminousworld:tall_deadbush":1,"minecraft:leather_horse_armor":3,"minecraft:obsidian":17,"minecraft:blaze_powder":5,"undead_revamp2:arapholia":2,"ad_astra:iron_rod":8,"minecraft:cobblestone":1503,"minecraft:enchanting_table":1,"luminousworld:savannah_ground":33,"minecraft:leather_chestplate":5,"minecraft:andesite":32,"minecraft:orange_carpet":16,"minecraft:potato":1,"alexscaves:cave_book":1,"minecraft:tuff":557,"supplementaries:flax_seeds":5,"minecraft:lapis_lazuli":450,"minecraft:dirt":83,"born_in_chaos_v1:monster_skin":6,"minecraft:leather_boots":2,"minecraft:bone":36,"ad_astra:compressor":1,"minecraft:acacia_planks":105,"minecraft:bow":2,"minecraft:wheat_seeds":767,"ad_astra:launch_pad":3,"minecraft:raw_gold":24,"minecraft:mossy_stone_bricks":12,"minecraft:bamboo":4,"minecraft:powered_rail":3,"minecraft:oak_planks":33,"minecraft:cooked_porkchop":24,"earthmobsmod:harder_flesh":1,"ad_astra:space_pants":2,"minecraft:sand":15,"minecraft:mossy_cobblestone":12,"ad_astra:iron_plate":5,"minecraft:yellow_carpet":1,"minecraft:diamond":42,"minecraft:soul_lantern":4,"minecraft:golden_apple":2,"minecraft:spruce_sign":15,"minecraft:emerald":51,"minecraft:oak_sapling":2,"quark:crimson_chest":4,"minecraft:charcoal":3,"born_in_chaos_v1:diamond_termite_shard":8,"minecraft:chest_minecart":1,"minecraft:chain":5,"aether:leather_gloves":2,"minecraft:iron_axe":6,"minecraft:item_frame":58,"minecraft:detector_rail":2,"minecraft:player_head":5,"minecraft:lectern":1,"minecraft:sugar_cane":2,"iceandfire:podium_acacia":1,"minecraft:spruce_trapdoor":36,"minecraft:phantom_membrane":1,"minecraft:raw_iron":214,"minecraft:copper_ingot":185,"minecraft:stone_button":4,"luminousworld:beastiary":1,"minecraft:light_blue_bed":8,"ad_astra:steel_ingot":3,"minecraft:stone_pressure_plate":2,"minecraft:dark_oak_planks":1,"ad_astra:steel_plate":53,"minecraft:purple_candle":1,"minecraft:weeping_vines":2,"minecraft:arrow":25,"minecraft:pumpkin_pie":9,"alexscaves:spelunkery_table":2,"minecraft:stripped_dark_oak_wood":5,"minecraft:glistering_melon_slice":3,"minecraft:brick_stairs":2,"born_in_chaos_v1:trident_hayfork":1,"born_in_chaos_v1:fused_bone":1,"minecraft:skeleton_skull":3,"born_in_chaos_v1:corpse_maggot":48,"artifacts:eternal_steak":6,"minecraft:glow_ink_sac":1,"minecraft:salmon":10,"minecraft:leather":13,"minecraft:crimson_fungus":1,"minecraft:mushroom_stew":2,"minecraft:chainmail_chestplate":2,"minecraft:gunpowder":15,"minecraft:yellow_bed":3,"minecraft:cobblestone_wall":3,"minecraft:cobblestone_stairs":20,"minecraft:cooked_mutton":1,"minecraft:gray_carpet":1,"minecraft:iron_ingot":211,"artifacts:whoopee_cushion":2,"minecraft:soul_sand":55,"minecraft:acacia_sapling":3,"minecraft:book":142,"minecraft:scaffolding":17,"minecraft:oak_slab":1,"born_in_chaos_v1:dark_rod":1,"ad_astra:space_helmet":3,"minecraft:red_banner":1,"minecraft:blast_furnace":15,"minecraft:spider_eye":12,"minecraft:chainmail_leggings":3,"minecraft:iron_helmet":2,"vanillaplustools:stone_hammer":1,"minecraft:mossy_cobblestone_stairs":1,"securitycraft:door_indestructible_iron_item":3,"tombstone:magic_scroll":2,"minecraft:acacia_slab":15,"minecraft:damaged_anvil":5,"minecraft:coal":821,"minecraft:sunflower":2},"minecraft:mined":{"minecraft:dark_oak_planks":1,"minecraft:potted_crimson_fungus":1,"minecraft:carved_pumpkin":1,"minecraft:obsidian":19,"minecraft:granite":81,"minecraft:acacia_log":109,"placeablesmod:carrot_block_1":10,"minecraft:coal_block":3,"minecraft:acacia_pressure_plate":1,"luminousworld:savanna_grass_2":8,"minecraft:spawner":1,"ironchest:crystal_chest":4,"minecraft:mossy_cobblestone_stairs":1,"minecraft:dark_oak_trapdoor":1,"minecraft:cobbled_deepslate":42,"minecraft:fire":26,"minecraft:sticky_piston":4,"minecraft:barrel":22,"minecraft:deepslate_lapis_ore":28,"minecraft:stripped_dark_oak_wood":6,"minecraft:water_cauldron":1,"minecraft:dirt_path":8,"minecraft:player_head":5,"minecraft:orange_bed":6,"iceandfire:podium_acacia":1,"minecraft:torch":30,"minecraft:blast_furnace":16,"minecraft:melon":21,"minecraft:polished_andesite_stairs":4,"minecraft:spruce_wall_sign":1,"minecraft:glass":5,"minecraft:sugar_cane":1,"minecraft:damaged_anvil":5,"minecraft:spruce_sign":1,"minecraft:skeleton_skull":2,"minecraft:chain":5,"minecraft:wheat":159,"minecraft:magenta_bed":2,"minecraft:wither_rose":1,"minecraft:grass":21,"minecraft:deepslate":2353,"luminousworld:savannah_ground":30,"minecraft:yellow_terracotta":46,"iceandfire:silver_ore":9,"minecraft:mossy_cobblestone":14,"minecraft:purple_candle":1,"placeablesmod:wheat_block_1":3,"born_in_chaos_v1:black_argillite":6,"minecraft:redstone_wire":7,"iceandfire:deepslate_silver_ore":4,"minecraft:potted_bamboo":2,"minecraft:cartography_table":1,"born_in_chaos_v1:gnawed_bones":1,"placeablesmod:water_bucket_block":4,"minecraft:andesite":32,"ad_astra:nasa_workbench":1,"minecraft:vine":4,"minecraft:rail":2,"minecraft:cake":2,"minecraft:smithing_table":1,"minecraft:oak_slab":1,"luminousworld:savannah_soil":165,"minecraft:glass_pane":10,"minecraft:brown_carpet":2,"minecraft:emerald_ore":22,"minecraft:potted_oxeye_daisy":4,"minecraft:tall_grass":3,"minecraft:copper_ore":65,"friendsandfoes:acacia_beehive":1,"minecraft:deepslate_gold_ore":18,"minecraft:diorite":31,"minecraft:orange_carpet":7,"minecraft:purple_bed":2,"minecraft:red_terracotta":210,"minecraft:light_blue_bed":8,"minecraft:cobblestone_wall":3,"minecraft:white_carpet":4,"minecraft:red_wall_banner":1,"luminousworld:ishstone":38,"minecraft:zombie_head":3,"minecraft:sunflower":4,"minecraft:gravel":7,"minecraft:acacia_door":1,"minecraft:cobweb":117,"minecraft:acacia_planks":105,"quark:crimson_chest":1,"minecraft:stone_bricks":5,"luminousworld:elephant_grass":8,"minecraft:chipped_anvil":2,"minecraft:gold_ore":9,"minecraft:spruce_planks":2,"minecraft:farmland":1,"minecraft:cobblestone_stairs":18,"minecraft:brewing_stand":1,"placeablesmod:melon_block_1":5,"minecraft:spruce_trapdoor":36,"minecraft:grass_block":3,"iceandfire:lectern":2,"minecraft:smooth_stone":1,"minecraft:iron_ore":106,"minecraft:anvil":4,"minecraft:deepslate_redstone_ore":2,"minecraft:cyan_terracotta":1,"luminousworld:tall_deadbush":2,"minecraft:melon_stem":8,"minecraft:soul_lantern":2,"minecraft:calcite":19,"minecraft:chest":2,"minecraft:cobblestone":231,"minecraft:oak_planks":29,"placeablesmod:bread_full_block":16,"minecraft:iron_door":1,"minecraft:wall_torch":82,"minecraft:cauldron":1,"minecraft:seagrass":1,"placeablesmod:gold_apple_block":1,"minecraft:acacia_sapling":1,"minecraft:dark_oak_slab":2,"minecraft:tnt":3,"minecraft:smooth_stone_slab":2,"minecraft:oak_log":61,"minecraft:acacia_fence":68,"minecraft:sand":15,"minecraft:dirt":64,"luminousworld:savannah_grass_4":18,"minecraft:oak_leaves":12,"alexscaves:spelunkery_table":2,"minecraft:tuff":373,"minecraft:yellow_wall_banner":1,"minecraft:dark_oak_leaves":6,"minecraft:deepslate_diamond_ore":22,"born_in_chaos_v1:infected_diamond_ore":6,"minecraft:lever":2,"minecraft:stone_button":1,"minecraft:brick_stairs":2,"quark:acacia_chest":13,"minecraft:acacia_slab":14,"minecraft:hay_block":126,"minecraft:furnace":11,"minecraft:carrots":16,"minecraft:acacia_stairs":20,"minecraft:polished_deepslate":1,"minecraft:bookshelf":43,"minecraft:deepslate_iron_ore":30,"minecraft:lantern":6,"minecraft:stripped_oak_log":6,"minecraft:stone":1279,"minecraft:redstone_wall_torch":2,"iceandfire:pixie_jar_empty":2,"minecraft:acacia_leaves":31,"minecraft:scaffolding":17,"minecraft:crafting_table":10,"placeablesmod:apple_block":1,"luminousworld:savannah_grass_1":20,"minecraft:rose_bush":4,"minecraft:stone_slab":29,"minecraft:lectern":1,"minecraft:lapis_ore":35,"supplementaries:urn":23,"minecraft:spruce_stairs":20,"minecraft:acacia_fence_gate":19,"minecraft:yellow_bed":2,"minecraft:coal_ore":337,"minecraft:flower_pot":5,"minecraft:gray_carpet":1,"minecraft:cracked_stone_bricks":8,"minecraft:mossy_stone_bricks":6,"minecraft:acacia_wall_sign":1},"minecraft:killed_by":{"minecraft:zombie":1,"enemyexpansion:invisicreeper":1,"mutantmonsters:mutant_skeleton":2},"minecraft:used":{"iceandfire:lectern":1,"minecraft:jack_o_lantern":1,"minecraft:writable_book":3,"minecraft:stone":7,"minecraft:acacia_sapling":6,"minecraft:polished_andesite_stairs":1,"minecraft:bow":48,"minecraft:furnace":17,"minecraft:oak_sapling":2,"minecraft:acacia_fence":71,"minecraft:potato":4,"minecraft:mossy_stone_bricks":10,"minecraft:diorite":35,"minecraft:damaged_anvil":4,"securitycraft:door_indestructible_iron_item":3,"artifacts:eternal_steak":6,"minecraft:cookie":10,"minecraft:golden_apple":2,"minecraft:glow_berries":1,"minecraft:blast_furnace":14,"earthmobsmod:duck_egg":3,"minecraft:zombie_head":2,"minecraft:stone_button":2,"minecraft:red_terracotta":101,"ad_astra:launch_pad":3,"minecraft:soul_lantern":4,"minecraft:diamond_sword":806,"minecraft:enchanting_table":1,"minecraft:acacia_log":11,"minecraft:armor_stand":6,"vanillaplustools:stone_hammer":352,"minecraft:orange_bed":6,"minecraft:torch":377,"minecraft:brewing_stand":1,"minecraft:anvil":4,"minecraft:yellow_carpet":1,"minecraft:mossy_cobblestone_stairs":1,"minecraft:chipped_anvil":2,"minecraft:iron_axe":404,"minecraft:melon_seeds":18,"minecraft:barrel":12,"luminousworld:savannah_soil":76,"minecraft:iron_trapdoor":3,"tombstone:gift":14,"minecraft:acacia_planks":87,"minecraft:cobbled_deepslate":240,"minecraft:calcite":5,"minecraft:wheat_seeds":72,"minecraft:water_bucket":22,"minecraft:bundle":2,"minecraft:cartography_table":1,"minecraft:cauldron":2,"minecraft:cracked_stone_bricks":6,"minecraft:mossy_cobblestone":8,"minecraft:rail":2,"minecraft:oak_slab":1,"minecraft:crafting_table":13,"supplementaries:bomb":3,"vanillaplustools:stone_shovel":12,"minecraft:cake":2,"ad_astra:nasa_workbench":2,"minecraft:diamond_pickaxe":813,"minecraft:acacia_sign":4,"minecraft:sunflower":1,"minecraft:iron_pickaxe":1742,"minecraft:spruce_trapdoor":20,"minecraft:cobblestone":843,"minecraft:acacia_pressure_plate":3,"minecraft:cooked_porkchop":23,"minecraft:purple_candle":1,"minecraft:iron_shovel":135,"minecraft:iron_sword":632,"minecraft:player_head":2,"luminousworld:savannah_ground":10,"minecraft:iron_chestplate":1,"minecraft:carrot":182,"minecraft:tuff":64,"minecraft:glass":1,"minecraft:lantern":10,"minecraft:light_blue_bed":7,"born_in_chaos_v1:gnawed_bones":1,"luminousworld:elephant_grass":4,"minecraft:stone_bricks":5,"minecraft:item_frame":51,"minecraft:brown_carpet":4,"minecraft:written_book":1,"minecraft:scaffolding":2,"minecraft:skeleton_skull":1,"iceandfire:pixie_jar_empty":1,"minecraft:gray_carpet":1,"minecraft:oak_planks":18,"ad_astra:compressor":1,"minecraft:sugar_cane":2,"minecraft:diamond_axe":832,"minecraft:yellow_terracotta":8,"alexscaves:cave_book":1,"minecraft:mushroom_stew":1,"minecraft:bread":310,"minecraft:melon_slice":77,"minecraft:iron_door":3,"minecraft:gravel":5,"tombstone:familiar_stone":2,"minecraft:grindstone":1,"minecraft:cooked_rabbit":1,"minecraft:andesite":8,"minecraft:coarse_dirt":1,"ironchest:crystal_chest":5,"minecraft:bone_meal":240,"minecraft:golden_pickaxe":18,"minecraft:experience_bottle":5,"minecraft:cobweb":12,"minecraft:flint_and_steel":18,"minecraft:stone_shovel":16,"born_in_chaos_v1:black_argillite":1,"minecraft:dirt":22,"minecraft:white_carpet":1,"minecraft:hopper":4,"minecraft:spruce_stairs":4,"minecraft:cobblestone_wall":3,"ad_astra:tier_1_rocket":3,"minecraft:granite":187,"minecraft:iron_hoe":1,"minecraft:bookshelf":18,"minecraft:acacia_slab":70,"alexscaves:spelunkery_table":2,"iceandfire:armor_copper_metal_helmet":1,"minecraft:cooked_beef":5,"minecraft:cobbled_deepslate_wall":3,"minecraft:cooked_mutton":1,"minecraft:acacia_boat":2,"minecraft:cobblestone_stairs":19,"minecraft:polished_andesite":1,"minecraft:baked_potato":6,"minecraft:spruce_sign":5,"luminousworld:ishstone":25,"quark:acacia_chest":22,"minecraft:magenta_bed":2,"minecraft:painting":7,"tombstone:bag_of_seeds":3,"minecraft:flower_pot":6,"minecraft:acacia_stairs":19,"minecraft:apple":50,"minecraft:stone_slab":97,"minecraft:acacia_fence_gate":3,"minecraft:cobbled_deepslate_slab":3,"minecraft:bucket":22,"minecraft:yellow_bed":2,"minecraft:pumpkin_pie":17,"alexsmobs:animal_dictionary":4}},"DataVersion":3465}