{"stats":{"minecraft:killed_by":{"minecraft:zombie":1,"enemyexpansion:invisicreeper":1,"minecraft:husk":1,"mutantmonsters:mutant_skeleton":2,"minecraft:zombified_piglin":1},"minecraft:broken":{"minecraft:golden_boots":1,"minecraft:iron_chestplate":2,"minecraft:chainmail_boots":1,"minecraft:iron_sword":3,"minecraft:chainmail_leggings":1,"aether:iron_gloves":2,"minecraft:chainmail_helmet":1,"iceandfire:armor_copper_metal_leggings":1,"vanillaplustools:stone_hammer":2,"minecraft:iron_axe":1,"minecraft:iron_pickaxe":4,"minecraft:golden_helmet":2,"aether:chainmail_gloves":1,"iceandfire:armor_copper_metal_helmet":1,"iceandfire:armor_copper_metal_chestplate":1,"iceandfire:armor_copper_metal_boots":1},"minecraft:crafted":{"sophisticatedbackpacks:crafting_upgrade":3,"ironchest:crystal_chest":1,"minecraft:glass":38,"minecraft:iron_door":3,"minecraft:acacia_fence":21,"vanillaplustools:stone_shovel":2,"minecraft:cooked_rabbit":1,"minecraft:cooked_porkchop":328,"minecraft:acacia_slab":6,"minecraft:cobbled_deepslate_wall":6,"minecraft:copper_ingot":37,"minecraft:stone_slab":6,"minecraft:iron_pickaxe":4,"minecraft:gold_ingot":73,"minecraft:netherite_ingot":4,"minecraft:stone_shovel":1,"vanillaplustools:stone_hammer":8,"iceandfire:armor_copper_metal_leggings":1,"minecraft:jack_o_lantern":1,"iceandfire:armor_copper_metal_helmet":2,"ad_astra:steel_block":1,"minecraft:stone_pickaxe":3,"minecraft:golden_helmet":2,"minecraft:wheat":297,"ad_astra:space_pants":1,"ironchest:gold_chest":2,"minecraft:enchanting_table":1,"minecraft:polished_granite":144,"sophisticatedbackpacks:gold_backpack":3,"minecraft:acacia_stairs":8,"securitycraft:door_indestructible_iron_item":1,"minecraft:acacia_sign":3,"minecraft:iron_shovel":1,"minecraft:white_bed":1,"minecraft:grindstone":1,"minecraft:oak_planks":68,"minecraft:acacia_pressure_plate":4,"minecraft:stone":75,"minecraft:cobblestone_stairs":32,"iceandfire:armor_copper_metal_boots":1,"minecraft:hopper":4,"minecraft:bow":3,"minecraft:golden_boots":1,"minecraft:oak_slab":12,"sophisticatedbackpacks:backpack":2,"minecraft:crafting_table":8,"minecraft:baked_potato":5,"sophisticatedbackpacks:upgrade_base":3,"minecraft:iron_chestplate":1,"minecraft:charcoal":1,"minecraft:diamond_pickaxe":1,"minecraft:shield":1,"sophisticatedbackpacks:diamond_backpack":1,"minecraft:stick":108,"minecraft:iron_ingot":267,"minecraft:redstone_torch":2,"ad_astra:iron_rod":8,"iceandfire:dragon_stick":1,"minecraft:furnace":5,"minecraft:flint_and_steel":1,"quark:acacia_chest":6,"minecraft:iron_axe":3,"ad_astra:steel_cable":16,"minecraft:cobblestone_wall":6,"ad_astra:nasa_workbench":1,"minecraft:netherite_scrap":13,"sophisticatedbackpacks:iron_backpack":2,"minecraft:cooked_beef":5,"minecraft:iron_trapdoor":3,"minecraft:iron_sword":21,"ironchest:copper_chest":2,"minecraft:mangrove_planks":8,"minecraft:bucket":12,"minecraft:air":0,"minecraft:acacia_boat":1,"minecraft:bread":87,"minecraft:jungle_planks":8,"minecraft:acacia_planks":96,"minecraft:torch":380},"minecraft:killed":{"illagerinvasion:archivist":2,"minecraft:cave_spider":60,"born_in_chaos_v1:mr_pumpkin":8,"born_in_chaos_v1:restless_spirit":1,"enemyexpansion:equestrian":3,"mowziesmobs:frostmaw":1,"illagerinvasion:basher":2,"minecraft:skeleton":294,"luminousworld:ringlet":1,"alexsmobs:leafcutter_ant":3,"mowziesmobs:umvuthana_crane":1,"undead_revamp2:thepregnant":1,"undead_revamp2:thespitter":1,"enemyexpansion:vampflyer":2,"born_in_chaos_v1:bone_imp":7,"mutantmonsters:mutant_skeleton":1,"iceandfire:cockatrice":1,"minecraft:pillager":7,"minecraft:zombie":461,"enemyexpansion:botfly":95,"born_in_chaos_v1:corpse_fly":10,"born_in_chaos_v1:door_knight":4,"minecraft:cow":2,"luminousworld:frostbitten_zombie":1,"minecraft:evoker":2,"minecraft:vindicator":4,"illagerinvasion:marauder":2,"undead_revamp2:bomber":1,"born_in_chaos_v1:firelight":4,"born_in_chaos_v1:pumpkinhead":1,"born_in_chaos_v1:dire_hound_leader":1,"minecraft:husk":7,"earthmobsmod:bouldering_zombie":1,"undead_revamp2:the_moonflower":10,"enemyexpansion:sprinter":2,"ad_astra:corrupted_lunarian":1,"born_in_chaos_v1:decrepit_skeleton":3,"undead_revamp2:thesomnolence":8,"iceandfire:ghost":6,"born_in_chaos_v1:dark_vortex":1,"minecraft:zombified_piglin":3,"minecraft:spider":3,"undead_revamp2:thesmoker":1,"creeperoverhaul:bamboo_creeper":1,"born_in_chaos_v1:scarlet_persecutor":3,"minecraft:bee":1,"minecraft:silverfish":3,"minecraft:piglin_brute":1,"luminousworld:charaxes":1,"minecraft:piglin":6,"minecraft:pig":172,"born_in_chaos_v1:diamond_termite":6,"minecraft:creeper":2,"alexsmobs:crimson_mosquito":1,"minecraft:sheep":4,"luminousworld:savannah_skeleton":30,"born_in_chaos_v1:dread_hound":6,"undead_revamp2:theskeeper":1,"minecraft:blaze":11,"minecraft:vex":1,"undead_revamp2:thegliter":2,"enemyexpansion:direwolf":5,"born_in_chaos_v1:zombie_bruiser":1,"born_in_chaos_v1:maggot":170,"minecraft:drowned":6,"luminousworld:savannah_zombie":18,"mowziesmobs:umvuthana":7,"born_in_chaos_v1:fallen_chaos_knight":1,"born_in_chaos_v1:felsteed":1,"born_in_chaos_v1:baby_skeleton":2,"quark:foxhound":3,"born_in_chaos_v1:spirit_guide_assistant":1,"minecraft:hoglin":2,"enemyexpansion:huntsman":1,"minecraft:wither_skeleton":20,"enemyexpansion:slugger":3},"minecraft:picked_up":{"minecraft:iron_chestplate":2,"minecraft:chainmail_boots":3,"minecraft:flower_pot":14,"minecraft:anvil":4,"minecraft:lead":2,"minecraft:smithing_table":3,"minecraft:stone_slab":30,"minecraft:diamond_sword":7,"minecraft:wither_rose":1,"minecraft:acacia_pressure_plate":1,"minecraft:enchanted_book":4,"minecraft:infested_stone":20,"friendsandfoes:buttercup":1,"minecraft:brewing_stand":2,"minecraft:golden_sword":1,"minecraft:polished_deepslate":1,"iceandfire:manuscript":9,"minecraft:polished_blackstone_brick_stairs":3,"minecraft:string":226,"minecraft:dark_oak_trapdoor":1,"minecraft:soul_soil":1,"minecraft:red_nether_bricks":3,"minecraft:shroomlight":1,"minecraft:beetroot":6,"minecraft:gold_nugget":50,"minecraft:cobbled_deepslate":3408,"minecraft:spruce_planks":2,"minecraft:acacia_sign":1,"minecraft:acacia_fence_gate":18,"minecraft:written_book":1,"ad_astra:fuel_bucket":19,"minecraft:melon_slice":96,"minecraft:coal_block":4,"minecraft:mangrove_log":2,"minecraft:golden_helmet":1,"minecraft:polished_blackstone_stairs":4,"minecraft:acacia_log":228,"minecraft:golden_axe":1,"born_in_chaos_v1:fel_soil":54,"minecraft:cauldron":3,"ad_astra:space_boots":4,"minecraft:chiseled_nether_bricks":1,"minecraft:brown_carpet":5,"minecraft:yellow_banner":1,"minecraft:orange_bed":6,"minecraft:stone_sword":2,"quark:clear_shard":21,"ad_astra:ice_shard":29,"minecraft:red_tulip":1,"minecraft:carved_pumpkin":1,"minecraft:cyan_terracotta":1,"ad_astra:etrionic_blast_furnace":2,"supplementaries:ash":104,"minecraft:blaze_rod":6,"alexsmobs:flying_fish":2,"iceandfire:dragonscales_black":24,"minecraft:magma_block":11,"minecraft:feather":11,"minecraft:iron_door":1,"minecraft:water_bucket":4,"minecraft:jungle_log":2,"minecraft:flint":19,"minecraft:magenta_bed":2,"ad_astra:coal_generator":4,"minecraft:map":2,"minecraft:lantern":12,"ad_astra:steel_block":6,"minecraft:chipped_anvil":2,"undead_revamp2:blacpetalblock":1,"luminousworld:elephant_grass":15,"minecraft:rabbit":1,"minecraft:glowstone_dust":67,"minecraft:chiseled_polished_blackstone":5,"luminousworld:creepberries":23,"sophisticatedbackpacks:iron_backpack":1,"iceandfire:lightning_dragon_heart":2,"minecraft:acacia_stairs":20,"minecraft:trapped_chest":3,"minecraft:red_terracotta":214,"minecraft:barrel":33,"cataclysm:lionfish":1,"minecraft:bundle":12,"minecraft:iron_hoe":2,"minecraft:dispenser":2,"minecraft:polished_andesite":1,"ad_astra:steel_cable":4,"iceandfire:lectern":2,"minecraft:lever":3,"minecraft:writable_book":4,"minecraft:granite":280,"minecraft:chainmail_helmet":4,"minecraft:bread":77,"born_in_chaos_v1:rotten_fish":2,"iceandfire:raw_silver":14,"minecraft:diamond_pickaxe":1,"sophisticatedbackpacks:gold_backpack":1,"iceandfire:dragon_skull_lightning":1,"minecraft:crafting_table":15,"minecraft:coarse_dirt":3,"iceandfire:witherbone":10,"minecraft:nether_wart":20,"minecraft:golden_pickaxe":2,"minecraft:leather_leggings":2,"ad_astra:tier_1_rocket":3,"minecraft:stripped_mangrove_log":1,"minecraft:jungle_trapdoor":1,"minecraft:netherite_scrap":2,"minecraft:acacia_door":4,"ad_astra:steel_rod":2,"minecraft:polished_blackstone_wall":1,"minecraft:white_carpet":28,"minecraft:iron_shovel":10,"minecraft:cracked_stone_bricks":9,"iceandfire:bestiary":2,"minecraft:cartography_table":2,"minecraft:beef":10,"ad_astra:moon_cobblestone":1,"born_in_chaos_v1:gnawed_bones":3,"minecraft:iron_nugget":44,"supplementaries:rope":14,"minecraft:chest":10,"minecraft:birch_sapling":1,"minecraft:spruce_fence":1,"minecraft:cake":1,"minecraft:mangrove_sign":4,"born_in_chaos_v1:pieceofdarkmetal":6,"minecraft:carrot":742,"minecraft:redstone":104,"mowziesmobs:umvuthana_mask_faith":1,"minecraft:tnt":5,"minecraft:cooked_cod":1,"quark:acacia_chest":19,"ad_astra:nasa_workbench":3,"minecraft:hay_block":132,"minecraft:yellow_terracotta":52,"mowziesmobs:umvuthana_mask_bliss":2,"tombstone:essence_of_undeath":1,"minecraft:gold_ingot":18,"minecraft:totem_of_undying":2,"minecraft:polished_blackstone":3,"minecraft:glow_berries":1,"minecraft:mutton":9,"minecraft:white_wool":75,"minecraft:rail":65,"minecraft:oxeye_daisy":4,"minecraft:stripped_oak_log":7,"born_in_chaos_v1:monster_flesh":21,"born_in_chaos_v1:pumpkin_staff":1,"minecraft:tripwire_hook":6,"luminousworld:ishstone":74,"minecraft:blackstone_slab":3,"minecraft:red_mushroom":1,"minecraft:filled_map":6,"minecraft:oak_log":73,"minecraft:ancient_debris":13,"minecraft:golden_boots":1,"minecraft:blue_bed":8,"minecraft:paper":21,"minecraft:white_banner":1,"sophisticatedbackpacks:upgrade_base":3,"born_in_chaos_v1:soul_cutlass":2,"minecraft:stone_bricks":36,"minecraft:apple":33,"iceandfire:pixie_jar_empty":2,"minecraft:cobweb":11,"quark:magenta_shard":66,"friendsandfoes:acacia_beehive":1,"tombstone:bag_of_seeds":4,"minecraft:gray_bed":6,"minecraft:iron_sword":55,"minecraft:dark_oak_stairs":1,"minecraft:polished_andesite_stairs":5,"iceandfire:copper_nugget":93,"minecraft:dark_oak_slab":2,"mowziesmobs:clawed_log":3,"born_in_chaos_v1:ethereal_spirit":2,"minecraft:cracked_nether_bricks":5,"ad_astra:moon_sand":96,"minecraft:torchflower_seeds":3,"minecraft:gravel":81,"born_in_chaos_v1:fangofthe_hound_leader":2,"minecraft:crying_obsidian":28,"minecraft:leather_helmet":3,"minecraft:stone_axe":1,"minecraft:diamond_axe":1,"minecraft:painting":14,"minecraft:gray_wool":12,"minecraft:red_nether_brick_slab":1,"minecraft:baked_potato":1,"minecraft:brown_banner":6,"minecraft:melon_seeds":23,"minecraft:ender_pearl":1,"ad_astra:space_suit":4,"minecraft:wheat":255,"minecraft:black_carpet":1,"illagerinvasion:platinum_chunk":5,"cataclysm:monstrous_horn":1,"iceandfire:armor_copper_metal_chestplate":1,"alexscaves:cave_tablet":4,"minecraft:potion":8,"minecraft:gilded_blackstone":1,"minecraft:stone_brick_stairs":1,"minecraft:crimson_planks":3,"born_in_chaos_v1:holiday_candy":31,"born_in_chaos_v1:black_argillite":11,"minecraft:raw_copper":539,"minecraft:smooth_stone_slab":3,"minecraft:iron_leggings":6,"minecraft:armor_stand":9,"minecraft:sticky_piston":5,"minecraft:experience_bottle":11,"minecraft:zombie_head":3,"minecraft:oak_sign":2,"minecraft:activator_rail":3,"minecraft:tnt_minecart":4,"minecraft:smooth_stone":1,"earthmobsmod:duck_egg":4,"minecraft:bucket":5,"artifacts:aqua_dashers":1,"minecraft:rose_bush":3,"minecraft:redstone_torch":2,"minecraft:calcite":19,"minecraft:iron_pickaxe":9,"minecraft:iron_boots":2,"minecraft:furnace":22,"minecraft:stick":67,"minecraft:acacia_fence":73,"ironchest:crystal_chest":3,"minecraft:oak_fence":2,"minecraft:torch":391,"minecraft:spruce_stairs":21,"luminousworld:savannah_soil":206,"minecraft:porkchop":333,"minecraft:crimson_button":1,"iceandfire:crackled_gravel":8,"tombstone:grave_dust":49,"minecraft:diorite":49,"ad_astra:oxygen_loader":3,"minecraft:rotten_flesh":478,"supplementaries:antique_ink":3,"luminousworld:tall_deadbush":3,"artifacts:panic_necklace":1,"minecraft:leather_horse_armor":3,"minecraft:obsidian":17,"ad_astra:iron_rod":8,"undead_revamp2:arapholia":3,"minecraft:blaze_powder":5,"minecraft:cobblestone":1809,"minecraft:enchanting_table":1,"luminousworld:savannah_ground":50,"minecraft:leather_chestplate":5,"minecraft:andesite":65,"minecraft:orange_carpet":16,"minecraft:golden_leggings":1,"minecraft:potato":19,"alexscaves:cave_book":1,"minecraft:tuff":685,"supplementaries:flax_seeds":9,"minecraft:acacia_boat":1,"alexscaves:lanternfish":1,"artifacts:pickaxe_heater":1,"minecraft:lapis_lazuli":585,"minecraft:dirt":147,"minecraft:polished_granite":2,"born_in_chaos_v1:monster_skin":7,"minecraft:leather_boots":2,"minecraft:bone":79,"ad_astra:compressor":3,"minecraft:acacia_planks":108,"minecraft:bow":5,"ad_astra:fuel_refinery":1,"minecraft:wheat_seeds":777,"quark:purple_shard":45,"ad_astra:launch_pad":3,"minecraft:raw_gold":24,"minecraft:grindstone":2,"minecraft:mossy_stone_bricks":13,"minecraft:bamboo":15,"minecraft:powered_rail":3,"minecraft:oak_planks":33,"minecraft:cooked_porkchop":61,"minecraft:polished_blackstone_slab":4,"ad_astra:cheese":6,"earthmobsmod:harder_flesh":1,"minecraft:sand":387,"ad_astra:space_pants":3,"minecraft:jungle_planks":5,"minecraft:nether_brick_stairs":7,"minecraft:jungle_slab":4,"minecraft:mossy_cobblestone":12,"ad_astra:iron_plate":5,"minecraft:yellow_carpet":1,"born_in_chaos_v1:fire_dust":8,"minecraft:diamond":49,"minecraft:soul_lantern":4,"minecraft:cracked_polished_blackstone_bricks":57,"ad_astra:oil_bucket":1,"minecraft:crossbow":1,"minecraft:bone_meal":1,"minecraft:golden_apple":6,"minecraft:spruce_sign":15,"minecraft:emerald":57,"minecraft:oak_sapling":4,"minecraft:netherrack":1925,"quark:crimson_chest":4,"minecraft:cocoa_beans":3,"minecraft:charcoal":5,"born_in_chaos_v1:diamond_termite_shard":8,"minecraft:chicken":1,"minecraft:ladder":2,"minecraft:chest_minecart":4,"minecraft:gold_block":7,"minecraft:chain":8,"minecraft:shield":1,"aether:leather_gloves":2,"minecraft:iron_axe":6,"minecraft:item_frame":72,"minecraft:blackstone":447,"minecraft:detector_rail":2,"minecraft:player_head":5,"minecraft:lectern":1,"minecraft:sugar_cane":58,"iceandfire:podium_acacia":1,"minecraft:spruce_trapdoor":36,"minecraft:phantom_membrane":1,"minecraft:raw_iron":214,"iceandfire:dragonbone":12,"minecraft:copper_ingot":197,"minecraft:polished_blackstone_bricks":292,"minecraft:stone_button":5,"luminousworld:beastiary":1,"minecraft:light_blue_bed":9,"alexsmobs:leafcutter_ant_pupa":2,"minecraft:purple_terracotta":1,"minecraft:stone_pressure_plate":2,"minecraft:dark_oak_planks":6,"ad_astra:steel_ingot":3,"ad_astra:steel_plate":53,"minecraft:purple_candle":1,"minecraft:arrow":53,"minecraft:weeping_vines":4,"minecraft:pumpkin_pie":9,"minecraft:nether_bricks":16,"mowziesmobs:ice_crystal":2,"alexscaves:spelunkery_table":2,"minecraft:stripped_dark_oak_wood":5,"minecraft:glistering_melon_slice":3,"minecraft:brick_stairs":2,"born_in_chaos_v1:trident_hayfork":1,"minecraft:skeleton_skull":4,"born_in_chaos_v1:fused_bone":1,"mowziesmobs:umvuthana_mask_fury":1,"born_in_chaos_v1:corpse_maggot":122,"minecraft:golden_carrot":16,"minecraft:basalt":92,"artifacts:eternal_steak":6,"minecraft:glow_ink_sac":1,"minecraft:crimson_stem":10,"minecraft:salmon":11,"minecraft:leather":23,"minecraft:mushroom_stew":2,"minecraft:crimson_fungus":1,"minecraft:chainmail_chestplate":3,"minecraft:yellow_glazed_terracotta":1,"minecraft:cobblestone_wall":3,"minecraft:yellow_bed":7,"minecraft:nether_wart_block":31,"minecraft:gunpowder":22,"minecraft:cobblestone_stairs":21,"naturalist:bass":1,"minecraft:cooked_mutton":1,"cataclysm:infernal_forge":1,"minecraft:red_nether_brick_stairs":2,"minecraft:gray_carpet":6,"minecraft:iron_ingot":445,"artifacts:whoopee_cushion":2,"minecraft:cooked_chicken":3,"mowziesmobs:umvuthana_mask_misery":1,"minecraft:acacia_sapling":13,"minecraft:soul_sand":58,"iceandfire:crackled_cobblestone":1,"sophisticatedbackpacks:diamond_backpack":2,"minecraft:book":155,"minecraft:scaffolding":17,"minecraft:oak_slab":1,"minecraft:chiseled_stone_bricks":2,"minecraft:quartz":20,"born_in_chaos_v1:dark_rod":1,"ad_astra:space_helmet":6,"minecraft:red_banner":1,"minecraft:blast_furnace":30,"minecraft:white_bed":9,"minecraft:spider_eye":14,"luminousworld:whiteoaklog":1,"minecraft:pumpkin_seeds":3,"minecraft:chainmail_leggings":4,"minecraft:iron_helmet":3,"minecraft:stripped_jungle_wood":26,"vanillaplustools:stone_hammer":1,"minecraft:mossy_cobblestone_stairs":1,"securitycraft:door_indestructible_iron_item":3,"tombstone:magic_scroll":5,"minecraft:acacia_slab":34,"minecraft:damaged_anvil":5,"minecraft:coal":1211,"minecraft:sunflower":2},"minecraft:custom":{"minecraft:interact_with_crafting_table":47,"minecraft:open_barrel":87,"minecraft:eat_cake_slice":4,"minecraft:leave_game":23,"minecraft:time_since_death":74556,"minecraft:damage_blocked_by_shield":330,"minecraft:play_time":2118994,"minecraft:deaths":46,"minecraft:jump":35432,"minecraft:enchant_item":15,"minecraft:interact_with_furnace":163,"minecraft:interact_with_cartography_table":1,"minecraft:sleep_in_bed":95,"tombstone:sneak_grave":9,"minecraft:damage_dealt":168130,"tombstone:undead_killed":896,"minecraft:interact_with_smoker":1,"minecraft:inspect_dispenser":3,"minecraft:horse_one_cm":4863,"minecraft:interact_with_smithing_table":2,"minecraft:interact_with_anvil":13,"minecraft:inspect_hopper":6,"minecraft:damage_dealt_absorbed":632,"minecraft:sneak_time":347102,"minecraft:interact_with_blast_furnace":111,"minecraft:total_world_time":2118994,"tombstone:raider_killed":19,"minecraft:interact_with_stonecutter":1,"minecraft:time_since_rest":2792,"tombstone:cast_on_ally":2,"minecraft:swim_one_cm":89023,"minecraft:fly_one_cm":6619597,"minecraft:open_chest":1382,"minecraft:fall_one_cm":732567,"minecraft:animals_bred":198,"minecraft:sprint_one_cm":4943361,"minecraft:drop":528,"minecraft:talked_to_villager":10,"minecraft:interact_with_brewingstand":1,"minecraft:walk_on_water_one_cm":308542,"minecraft:interact_with_loom":7,"minecraft:player_kills":1,"minecraft:crouch_one_cm":1113230,"minecraft:mob_kills":1623,"minecraft:fill_cauldron":1,"minecraft:damage_dealt_resisted":5692,"minecraft:climb_one_cm":65131,"minecraft:walk_one_cm":6201859,"minecraft:walk_under_water_one_cm":167136,"minecraft:boat_one_cm":266550,"minecraft:pot_flower":1,"minecraft:interact_with_grindstone":6,"minecraft:damage_taken":62483,"minecraft:damage_absorbed":111,"minecraft:trigger_trapped_chest":3},"minecraft:dropped":{"sophisticatedbackpacks:upgrade_base":3,"minecraft:iron_sword":4,"minecraft:porkchop":2,"minecraft:glow_ink_sac":1,"mowziesmobs:ice_crystal":1,"minecraft:diamond":2,"minecraft:crafting_table":3,"minecraft:crossbow":1,"minecraft:cracked_stone_bricks":3,"minecraft:rail":63,"minecraft:red_mushroom":1,"sophisticatedbackpacks:gold_backpack":1,"minecraft:emerald":8,"ad_astra:desh_ingot":6,"minecraft:dirt":83,"minecraft:stone_button":1,"minecraft:tnt_minecart":2,"minecraft:chain":3,"minecraft:gold_nugget":3,"minecraft:writable_book":1,"minecraft:sunflower":1,"minecraft:sand":11,"minecraft:iron_pickaxe":4,"minecraft:bone":14,"minecraft:polished_blackstone_wall":1,"minecraft:stone_axe":2,"minecraft:ancient_debris":1,"minecraft:lever":3,"minecraft:detector_rail":2,"minecraft:cobbled_deepslate":501,"minecraft:black_carpet":1,"alexscaves:cave_tablet":4,"minecraft:wheat":3,"undead_revamp2:arapholia":1,"minecraft:rotten_flesh":2090,"minecraft:oak_planks":3,"ad_astra:iron_rod":12,"minecraft:blaze_powder":5,"minecraft:salmon":2,"supplementaries:flax_seeds":4,"alexscaves:cave_book":1,"minecraft:ladder":1,"ad_astra:space_suit":2,"artifacts:panic_necklace":1,"iceandfire:crackled_cobblestone":1,"minecraft:leather_boots":1,"minecraft:acacia_sapling":7,"minecraft:painting":2,"cataclysm:infernal_forge":1,"luminousworld:beastiary":1,"minecraft:golden_boots":1,"minecraft:iron_ingot":134,"minecraft:wheat_seeds":129,"luminousworld:ishstone":18,"minecraft:oak_fence":2,"minecraft:cobblestone":46,"minecraft:feather":11,"ad_astra:space_pants":2,"ad_astra:space_boots":2,"artifacts:whoopee_cushion":1,"iceandfire:dragon_stick":1,"minecraft:granite":31,"endrem:lost_eye":1,"minecraft:coal":281,"minecraft:coal_block":3,"minecraft:oxeye_daisy":4,"minecraft:jungle_slab":2,"born_in_chaos_v1:gnawed_bones":2,"born_in_chaos_v1:black_argillite":5,"ad_astra:steel_ingot":6,"ad_astra:iron_plate":2,"minecraft:rose_bush":1,"minecraft:diamond_helmet":1,"minecraft:potion":1,"ad_astra:ice_shard":29,"minecraft:chainmail_leggings":2,"minecraft:iron_shovel":7,"minecraft:paper":6,"minecraft:string":14,"minecraft:trapped_chest":2,"minecraft:gray_carpet":2,"minecraft:acacia_planks":54,"minecraft:stone_sword":2,"minecraft:cocoa_beans":3,"minecraft:bowl":1,"minecraft:chicken":1,"minecraft:white_carpet":10,"minecraft:spruce_fence":1,"minecraft:iron_boots":1,"minecraft:stone_slab":1,"minecraft:torchflower_seeds":3,"earthmobsmod:harder_flesh":1,"minecraft:oak_sign":2,"minecraft:pumpkin_seeds":3,"minecraft:diamond_sword":3,"minecraft:potato":4,"minecraft:flower_pot":1,"minecraft:bundle":27,"minecraft:diamond_pickaxe":1,"artifacts:eternal_steak":6,"minecraft:redstone_torch":1,"minecraft:stone_pressure_plate":2,"minecraft:spider_eye":11,"minecraft:stone_bricks":2,"luminousworld:elephant_grass":1,"minecraft:bow":2,"minecraft:red_tulip":1,"minecraft:magma_block":9,"minecraft:nether_brick_stairs":1,"minecraft:dark_oak_stairs":1,"quark:magenta_shard":56,"minecraft:golden_pickaxe":1,"minecraft:red_nether_brick_slab":1,"minecraft:lantern":1,"minecraft:chest_minecart":3,"minecraft:jungle_planks":3,"minecraft:mangrove_planks":8,"minecraft:flint":6,"minecraft:cobblestone_stairs":32,"tombstone:bag_of_seeds":3,"ad_astra:steel_plate":62,"minecraft:armor_stand":2,"minecraft:gravel":7,"minecraft:blackstone":3,"born_in_chaos_v1:ethereal_spirit":2,"luminousworld:tall_deadbush":1,"aether:leather_gloves":1,"quark:crimson_chest":3,"luminousworld:savannah_soil":10,"minecraft:mangrove_sign":4,"minecraft:carrot":21,"sophisticatedbackpacks:diamond_backpack":2,"supplementaries:antique_ink":3,"minecraft:chainmail_chestplate":1,"minecraft:chiseled_stone_bricks":1,"minecraft:leather_chestplate":2,"supplementaries:ash":27,"minecraft:skeleton_skull":2,"born_in_chaos_v1:corpse_maggot":36,"minecraft:melon_seeds":1,"minecraft:acacia_slab":3,"minecraft:chainmail_boots":2,"vanillaplustools:stone_hammer":7,"minecraft:basalt":2,"minecraft:arrow":265,"minecraft:powered_rail":3,"minecraft:written_book":2,"born_in_chaos_v1:dark_rod":1,"ad_astra:space_helmet":4,"minecraft:bread":66,"minecraft:diamond_leggings":1,"iceandfire:armor_copper_metal_chestplate":1,"luminousworld:creepberries":21,"minecraft:activator_rail":3,"minecraft:spruce_stairs":3,"minecraft:acacia_log":32,"minecraft:stick":19,"born_in_chaos_v1:pumpkin_staff":1,"illagerinvasion:platinum_chunk":5,"minecraft:diorite":7,"iceandfire:dragonscales_black":24,"minecraft:brewing_stand":1,"tombstone:magic_scroll":1,"minecraft:torch":198,"minecraft:leather_horse_armor":1,"tombstone:grave_key":2,"luminousworld:savannah_ground":1,"tombstone:grave_dust":2,"minecraft:iron_leggings":2,"ad_astra:oil_bucket":1,"minecraft:iron_axe":1,"sophisticatedbackpacks:crafting_upgrade":1,"minecraft:bucket":15,"minecraft:redstone":8,"minecraft:coarse_dirt":1,"iceandfire:lightning_dragon_heart":2,"minecraft:raw_copper":146,"minecraft:tuff":276,"minecraft:raw_iron":8,"minecraft:stripped_oak_log":1,"minecraft:totem_of_undying":1,"minecraft:filled_map":4,"minecraft:shield":1,"minecraft:diamond_chestplate":1,"aether:chainmail_gloves":1,"minecraft:iron_chestplate":1,"minecraft:andesite":16,"minecraft:mossy_stone_bricks":3,"minecraft:oak_sapling":1,"minecraft:diamond_boots":1,"quark:purple_shard":15,"minecraft:stone_pickaxe":1},"minecraft:used":{"iceandfire:lectern":1,"minecraft:jack_o_lantern":1,"minecraft:writable_book":4,"minecraft:ladder":1,"minecraft:stone":7,"born_in_chaos_v1:soul_cutlass":111,"minecraft:acacia_sapling":11,"cataclysm:infernal_forge":8,"minecraft:lava_bucket":11,"iceandfire:crackled_gravel":8,"minecraft:birch_sapling":1,"minecraft:polished_andesite_stairs":1,"ad_astra:oxygen_loader":3,"minecraft:stripped_mangrove_log":1,"minecraft:bow":571,"minecraft:oak_sapling":3,"minecraft:yellow_glazed_terracotta":1,"minecraft:furnace":21,"minecraft:acacia_fence":76,"minecraft:potato":24,"friendsandfoes:buttercup":1,"minecraft:mossy_stone_bricks":10,"minecraft:diorite":36,"minecraft:damaged_anvil":4,"securitycraft:door_indestructible_iron_item":3,"minecraft:blackstone":465,"artifacts:eternal_steak":6,"minecraft:cookie":10,"minecraft:glow_berries":1,"minecraft:golden_apple":3,"minecraft:blast_furnace":32,"born_in_chaos_v1:holiday_candy":31,"minecraft:purple_terracotta":1,"earthmobsmod:duck_egg":4,"minecraft:zombie_head":2,"minecraft:stone_button":2,"minecraft:red_terracotta":105,"minecraft:polished_granite":146,"ad_astra:launch_pad":3,"minecraft:soul_lantern":4,"minecraft:nether_wart_block":24,"minecraft:diamond_sword":806,"minecraft:coal_block":1,"minecraft:smithing_table":1,"ad_astra:fuel_refinery":1,"minecraft:acacia_log":15,"minecraft:enchanting_table":1,"minecraft:armor_stand":6,"ad_astra:moon_cobblestone":1,"luminousworld:tall_deadbush":1,"vanillaplustools:stone_hammer":352,"minecraft:orange_bed":6,"minecraft:netherrack":1547,"minecraft:torch":679,"minecraft:brewing_stand":1,"minecraft:anvil":4,"minecraft:yellow_carpet":1,"minecraft:mossy_cobblestone_stairs":1,"minecraft:chipped_anvil":2,"minecraft:iron_axe":404,"minecraft:barrel":12,"minecraft:melon_seeds":18,"minecraft:basalt":89,"luminousworld:savannah_soil":291,"minecraft:iron_trapdoor":3,"tombstone:gift":16,"minecraft:cobbled_deepslate":548,"minecraft:acacia_planks":89,"minecraft:calcite":5,"minecraft:wheat_seeds":72,"minecraft:water_bucket":27,"minecraft:bundle":2,"minecraft:cartography_table":2,"minecraft:cauldron":2,"minecraft:cracked_stone_bricks":6,"minecraft:polished_blackstone_bricks":253,"minecraft:tnt":16,"minecraft:crafting_table":13,"minecraft:rail":2,"minecraft:mossy_cobblestone":8,"minecraft:white_bed":4,"minecraft:oak_slab":1,"vanillaplustools:stone_shovel":79,"supplementaries:bomb":3,"minecraft:cake":2,"ad_astra:nasa_workbench":2,"minecraft:diamond_pickaxe":4238,"minecraft:acacia_sign":4,"minecraft:sunflower":1,"minecraft:iron_pickaxe":2156,"tombstone:magic_scroll":1,"minecraft:spruce_trapdoor":20,"minecraft:chiseled_stone_bricks":1,"minecraft:cobblestone":1106,"minecraft:potion":1,"minecraft:acacia_pressure_plate":4,"minecraft:cooked_porkchop":249,"minecraft:purple_candle":1,"minecraft:iron_shovel":152,"minecraft:shield":3,"minecraft:iron_sword":2203,"minecraft:stripped_jungle_wood":3,"luminousworld:savannah_ground":55,"minecraft:player_head":2,"minecraft:iron_chestplate":1,"minecraft:jungle_planks":2,"minecraft:nether_bricks":14,"minecraft:carrot":682,"minecraft:tuff":205,"minecraft:glass":2,"born_in_chaos_v1:corpse_maggot":11,"minecraft:lantern":10,"mowziesmobs:clawed_log":3,"minecraft:light_blue_bed":8,"born_in_chaos_v1:gnawed_bones":1,"luminousworld:elephant_grass":13,"minecraft:stone_bricks":29,"minecraft:item_frame":54,"minecraft:brown_carpet":4,"minecraft:written_book":1,"minecraft:scaffolding":2,"minecraft:gray_bed":7,"minecraft:skeleton_skull":1,"iceandfire:pixie_jar_empty":1,"minecraft:golden_boots":1,"ad_astra:etrionic_blast_furnace":2,"minecraft:chiseled_polished_blackstone":1,"minecraft:gray_carpet":2,"minecraft:oak_planks":38,"ad_astra:compressor":3,"ad_astra:steel_cable":13,"minecraft:sugar_cane":13,"minecraft:diamond_axe":1115,"minecraft:blue_bed":4,"minecraft:yellow_terracotta":10,"alexscaves:cave_book":1,"minecraft:mushroom_stew":1,"luminousworld:creepberries":2,"minecraft:acacia_door":1,"minecraft:melon_slice":77,"minecraft:bread":473,"minecraft:iron_door":3,"minecraft:gravel":5,"minecraft:blackstone_slab":3,"minecraft:golden_helmet":1,"tombstone:familiar_stone":2,"minecraft:grindstone":3,"minecraft:cooked_rabbit":1,"minecraft:andesite":165,"minecraft:coarse_dirt":3,"minecraft:bone_meal":240,"ironchest:crystal_chest":5,"minecraft:golden_pickaxe":18,"minecraft:cobweb":12,"minecraft:experience_bottle":5,"minecraft:flint_and_steel":20,"minecraft:stone_shovel":16,"minecraft:spruce_planks":14,"born_in_chaos_v1:black_argillite":1,"minecraft:cooked_chicken":3,"minecraft:dirt":66,"minecraft:white_carpet":1,"minecraft:hopper":4,"minecraft:spruce_stairs":4,"minecraft:cobblestone_wall":3,"ad_astra:tier_1_rocket":3,"minecraft:granite":191,"minecraft:iron_hoe":1,"minecraft:dark_oak_planks":5,"minecraft:bookshelf":18,"minecraft:acacia_slab":88,"minecraft:polished_blackstone_brick_stairs":2,"minecraft:crimson_planks":3,"alexscaves:spelunkery_table":2,"iceandfire:armor_copper_metal_helmet":1,"minecraft:cooked_beef":5,"ad_astra:coal_generator":4,"minecraft:cobbled_deepslate_wall":3,"minecraft:cooked_mutton":1,"minecraft:acacia_boat":4,"minecraft:cobblestone_stairs":20,"minecraft:polished_andesite":1,"minecraft:baked_potato":6,"minecraft:spruce_sign":5,"luminousworld:ishstone":257,"minecraft:chiseled_nether_bricks":1,"quark:acacia_chest":37,"minecraft:magenta_bed":2,"minecraft:painting":7,"tombstone:bag_of_seeds":5,"minecraft:flower_pot":6,"minecraft:acacia_stairs":19,"minecraft:apple":50,"minecraft:cracked_polished_blackstone_bricks":56,"minecraft:map":1,"minecraft:cracked_nether_bricks":5,"minecraft:stone_slab":97,"minecraft:golden_leggings":1,"minecraft:acacia_fence_gate":3,"minecraft:cobbled_deepslate_slab":3,"minecraft:bucket":94,"minecraft:pumpkin_pie":17,"minecraft:yellow_bed":4,"alexsmobs:animal_dictionary":4,"minecraft:soul_torch":11},"minecraft:mined":{"minecraft:dark_oak_planks":2,"minecraft:white_bed":9,"minecraft:jungle_leaves":2,"minecraft:red_nether_bricks":3,"mowziesmobs:clawed_log":3,"minecraft:potted_crimson_fungus":1,"minecraft:obsidian":19,"minecraft:carved_pumpkin":1,"minecraft:granite":125,"minecraft:chiseled_polished_blackstone":6,"minecraft:acacia_log":191,"born_in_chaos_v1:dark_metal_deposit":1,"placeablesmod:carrot_block_1":25,"minecraft:jungle_log":2,"minecraft:coal_block":3,"ad_astra:compressor":2,"minecraft:nether_wart":11,"minecraft:acacia_pressure_plate":1,"minecraft:chiseled_stone_bricks":1,"luminousworld:savanna_grass_2":21,"minecraft:spawner":1,"minecraft:weeping_vines_plant":1,"minecraft:polished_blackstone_bricks":330,"ironchest:crystal_chest":4,"minecraft:magma_block":18,"ad_astra:moon_cheese_ore":6,"minecraft:mossy_cobblestone_stairs":1,"minecraft:dark_oak_trapdoor":1,"minecraft:sticky_piston":4,"minecraft:cobbled_deepslate":53,"minecraft:barrel":30,"minecraft:fire":98,"minecraft:deepslate_lapis_ore":40,"minecraft:stripped_dark_oak_wood":6,"minecraft:nether_brick_stairs":7,"minecraft:water_cauldron":2,"minecraft:dirt_path":8,"minecraft:player_head":5,"minecraft:orange_bed":6,"minecraft:jungle_trapdoor":1,"ad_astra:steel_cable":4,"minecraft:crimson_nylium":4,"minecraft:amethyst_cluster":1,"iceandfire:podium_acacia":1,"minecraft:torch":42,"minecraft:blast_furnace":32,"minecraft:polished_andesite_stairs":4,"minecraft:melon":21,"minecraft:spruce_wall_sign":1,"minecraft:glass":6,"minecraft:sugar_cane":26,"minecraft:damaged_anvil":5,"minecraft:spruce_sign":1,"minecraft:skeleton_skull":2,"minecraft:chain":5,"minecraft:wheat":159,"minecraft:magenta_bed":2,"minecraft:stone_brick_stairs":1,"minecraft:yellow_glazed_terracotta":1,"minecraft:wither_rose":2,"minecraft:grass":39,"ad_astra:moon_stone":1,"born_in_chaos_v1:infernal_evil_pumpkin_s":1,"minecraft:deepslate":2696,"luminousworld:savannah_ground":40,"minecraft:yellow_terracotta":48,"iceandfire:silver_ore":11,"minecraft:mossy_cobblestone":14,"minecraft:purple_candle":1,"minecraft:jungle_planks":2,"placeablesmod:wheat_block_1":3,"minecraft:nether_bricks":16,"born_in_chaos_v1:black_argillite":6,"minecraft:stripped_jungle_wood":26,"born_in_chaos_v1:fel_soil":54,"minecraft:redstone_wire":7,"iceandfire:deepslate_silver_ore":4,"minecraft:potted_bamboo":2,"minecraft:red_mushroom":1,"minecraft:cartography_table":2,"born_in_chaos_v1:gnawed_bones":1,"minecraft:redstone_ore":6,"placeablesmod:water_bucket_block":4,"minecraft:andesite":69,"ad_astra:nasa_workbench":2,"minecraft:potatoes":4,"minecraft:vine":4,"minecraft:rail":2,"minecraft:white_wool":54,"minecraft:cake":2,"minecraft:smithing_table":2,"luminousworld:savannah_soil":196,"minecraft:oak_slab":1,"minecraft:glass_pane":10,"minecraft:chiseled_nether_bricks":1,"minecraft:soul_sand":6,"minecraft:brown_carpet":2,"minecraft:emerald_ore":22,"minecraft:campfire":1,"minecraft:potted_oxeye_daisy":4,"minecraft:copper_ore":67,"minecraft:tall_grass":6,"friendsandfoes:acacia_beehive":1,"minecraft:deepslate_gold_ore":18,"minecraft:diorite":36,"minecraft:orange_carpet":7,"minecraft:purple_bed":2,"minecraft:red_terracotta":214,"minecraft:coarse_dirt":1,"minecraft:light_blue_bed":9,"minecraft:cobblestone_wall":3,"minecraft:purple_stained_glass":13,"minecraft:white_carpet":4,"minecraft:red_wall_banner":1,"luminousworld:ishstone":72,"minecraft:zombie_head":3,"minecraft:sunflower":4,"minecraft:gravel":11,"minecraft:acacia_door":4,"minecraft:cobweb":136,"minecraft:acacia_planks":108,"minecraft:polished_blackstone":3,"quark:crimson_chest":1,"minecraft:stone_bricks":30,"luminousworld:elephant_grass":20,"minecraft:gold_ore":9,"minecraft:chipped_anvil":2,"minecraft:fern":6,"minecraft:large_amethyst_bud":3,"minecraft:spruce_planks":2,"minecraft:farmland":1,"minecraft:jungle_slab":2,"minecraft:cobblestone_stairs":18,"placeablesmod:potato_block_1":4,"minecraft:brewing_stand":2,"placeablesmod:melon_block_1":5,"minecraft:spruce_trapdoor":36,"minecraft:grass_block":19,"minecraft:cracked_polished_blackstone_bricks":63,"iceandfire:lectern":2,"minecraft:soul_soil":1,"minecraft:gilded_blackstone":10,"iceandfire:crackled_cobblestone":1,"minecraft:smooth_stone":1,"minecraft:glowstone":25,"minecraft:red_nether_brick_stairs":3,"minecraft:iron_ore":177,"minecraft:turtle_egg":4,"minecraft:black_carpet":1,"minecraft:anvil":4,"ad_astra:fuel_refinery":1,"luminousworld:creepbush":22,"minecraft:deepslate_redstone_ore":11,"ad_astra:moon_ice_shard_ore":14,"minecraft:polished_blackstone_wall":3,"minecraft:cyan_terracotta":1,"minecraft:blackstone":495,"luminousworld:tall_deadbush":7,"minecraft:melon_stem":8,"minecraft:medium_amethyst_bud":1,"minecraft:soul_lantern":2,"minecraft:calcite":19,"minecraft:chest":12,"minecraft:nether_quartz_ore":6,"minecraft:cobblestone":266,"minecraft:grindstone":2,"minecraft:oak_planks":32,"placeablesmod:bread_full_block":19,"minecraft:iron_door":1,"minecraft:wall_torch":89,"minecraft:cauldron":1,"minecraft:seagrass":1,"placeablesmod:gold_apple_block":1,"placeablesmod:cooked_pork_block":7,"minecraft:acacia_sapling":2,"minecraft:dark_oak_slab":2,"minecraft:nether_wart_block":34,"minecraft:tnt":4,"minecraft:smooth_stone_slab":2,"minecraft:oak_log":70,"minecraft:acacia_fence":73,"minecraft:dirt":91,"minecraft:sand":393,"minecraft:crimson_planks":3,"minecraft:dispenser":2,"minecraft:netherrack":1445,"minecraft:ancient_debris":5,"luminousworld:savannah_grass_4":32,"minecraft:oak_leaves":29,"alexscaves:spelunkery_table":2,"minecraft:crying_obsidian":29,"minecraft:tuff":378,"minecraft:yellow_wall_banner":1,"minecraft:deepslate_diamond_ore":26,"minecraft:dark_oak_leaves":6,"minecraft:stripped_mangrove_log":2,"born_in_chaos_v1:infected_diamond_ore":6,"iceandfire:crackled_gravel":1,"minecraft:ladder":2,"minecraft:lever":2,"minecraft:purple_terracotta":1,"minecraft:stone_button":2,"minecraft:brick_stairs":2,"quark:acacia_chest":18,"minecraft:acacia_slab":31,"minecraft:cracked_nether_bricks":5,"minecraft:crimson_stem":10,"minecraft:large_fern":1,"minecraft:hay_block":133,"minecraft:furnace":21,"minecraft:carrots":41,"minecraft:acacia_stairs":20,"minecraft:gold_block":6,"minecraft:polished_deepslate":1,"minecraft:bookshelf":43,"minecraft:shroomlight":1,"minecraft:deepslate_iron_ore":74,"minecraft:lantern":6,"minecraft:stripped_oak_log":7,"minecraft:stone":1573,"minecraft:redstone_wall_torch":2,"iceandfire:pixie_jar_empty":2,"minecraft:scaffolding":17,"minecraft:acacia_leaves":56,"minecraft:magenta_stained_glass":19,"minecraft:basalt":94,"minecraft:polished_granite":4,"supplementaries:ashen_basalt":1,"minecraft:crafting_table":10,"placeablesmod:apple_block":1,"luminousworld:savannah_grass_1":33,"minecraft:blackstone_slab":2,"ad_astra:etrionic_blast_furnace":2,"minecraft:rose_bush":4,"minecraft:lectern":1,"minecraft:stone_slab":29,"born_in_chaos_v1:chipped_black_argillite_brick":1,"minecraft:lapis_ore":35,"minecraft:polished_blackstone_brick_stairs":5,"minecraft:blue_bed":10,"supplementaries:urn":31,"minecraft:spruce_stairs":21,"minecraft:gray_wool":12,"minecraft:acacia_fence_gate":19,"minecraft:polished_blackstone_slab":4,"minecraft:polished_blackstone_stairs":4,"minecraft:gray_bed":6,"minecraft:white_wall_banner":1,"minecraft:yellow_bed":6,"minecraft:coal_ore":422,"ad_astra:oxygen_loader":3,"minecraft:flower_pot":5,"ad_astra:coal_generator":4,"minecraft:gray_carpet":5,"minecraft:cracked_stone_bricks":8,"minecraft:mossy_stone_bricks":7,"minecraft:acacia_wall_sign":1}},"DataVersion":3465}