{"stats":{"minecraft:killed":{"illagerinvasion:archivist":2,"minecraft:cave_spider":470,"born_in_chaos_v1:mr_pumpkin":10,"born_in_chaos_v1:zombie_lumberjack":1,"born_in_chaos_v1:sir_the_headless":1,"minecraft:spider":1,"undead_revamp2:thesmoker":2,"born_in_chaos_v1:siamese_skeletonsright":2,"born_in_chaos_v1:scarlet_persecutor":1,"minecraft:skeleton":218,"alexsmobs:leafcutter_ant":3,"minecraft:chicken":2,"illagerinvasion:provoker":1,"undead_revamp2:thepregnant":1,"born_in_chaos_v1:diamond_termite":5,"illagerinvasion:alchemist":1,"luminousworld:trout_fish":1,"minecraft:creeper":2,"luminousworld:savannah_skeleton":9,"minecraft:zombie":442,"born_in_chaos_v1:dread_hound":12,"enemyexpansion:vampire":1,"born_in_chaos_v1:corpse_fly":8,"enemyexpansion:botfly":78,"undead_revamp2:theskeeper":1,"born_in_chaos_v1:siamese_skeletonsleft":2,"enemyexpansion:trollenraged":1,"undead_revamp2:thehunter":1,"undead_revamp2:thegliter":1,"enemyexpansion:intruder":1,"minecraft:vindicator":3,"alexsmobs:tasmanian_devil":3,"enemyexpansion:direwolf":2,"born_in_chaos_v1:maggot":124,"enemyexpansion:silverqueen":1,"undead_revamp2:thebidy":1,"minecraft:drowned":2,"born_in_chaos_v1:corpse_fish":1,"luminousworld:savannah_zombie":9,"born_in_chaos_v1:fallen_chaos_knight":1,"earthmobsmod:bouldering_zombie":1,"born_in_chaos_v1:baby_skeleton":1,"undead_revamp2:the_moonflower":5,"ad_astra:corrupted_lunarian":6,"undead_revamp2:thesomnolence":7,"alexsmobs:cockroach":1,"born_in_chaos_v1:nightmare_stalker":1},"minecraft:killed_by":{"minecraft:zombie":4,"enemyexpansion:invisicreeper":1,"minecraft:player":1,"mutantmonsters:mutant_skeleton":5,"minecraft:skeleton":1},"minecraft:mined":{"quark:orange_blossom_leaves":1,"iceandfire:copper_pile":6,"minecraft:cobblestone_stairs":6,"placeablesmod:melon_block_1":2,"minecraft:spruce_trapdoor":4,"minecraft:granite":846,"minecraft:grass_block":4,"luminousworld:bao_bob_wood":1,"minecraft:acacia_log":226,"ad_astra:compressor":4,"minecraft:hopper":1,"minecraft:chiseled_stone_bricks":1,"luminousworld:savanna_grass_2":15,"minecraft:smooth_stone":1,"ad_astra:moon_cheese_ore":3,"minecraft:mossy_cobblestone_stairs":1,"minecraft:iron_ore":301,"minecraft:fire":23,"minecraft:cobbled_deepslate":15,"minecraft:deepslate_lapis_ore":3,"placeablesmod:empty_bucket_block":1,"minecraft:oak_sign":3,"minecraft:dirt_path":2,"minecraft:orange_bed":9,"luminousworld:creepbush":1,"minecraft:cyan_terracotta":6,"ad_astra:moon_iron_ore":5,"iceandfire:podium_acacia":1,"born_in_chaos_v1:infected_deepslate_diamond_ore":2,"minecraft:torch":28,"minecraft:blast_furnace":10,"minecraft:polished_andesite_stairs":14,"minecraft:chest":1,"minecraft:glass":1,"minecraft:cobblestone":121,"minecraft:potted_acacia_sapling":1,"minecraft:oak_planks":5,"minecraft:sugar_cane":1,"placeablesmod:bread_full_block":17,"minecraft:wall_torch":71,"minecraft:skeleton_skull":2,"minecraft:seagrass":1,"luminousworld:bao_bob_log":1,"minecraft:smooth_stone_slab":3,"minecraft:grass":3,"minecraft:oak_log":10,"minecraft:dirt":26,"minecraft:sand":3,"luminousworld:savannah_grass_4":21,"minecraft:yellow_terracotta":12,"minecraft:oak_leaves":4,"minecraft:deepslate":2510,"luminousworld:savannah_ground":15,"minecraft:diamond_ore":1,"alexscaves:spelunkery_table":1,"luminousworld:groundpebbles_1":1,"minecraft:tuff":560,"iceandfire:silver_ore":12,"minecraft:mossy_cobblestone":10,"minecraft:deepslate_diamond_ore":17,"born_in_chaos_v1:black_argillite":91,"iceandfire:deepslate_silver_ore":1,"alexsmobs:leafcutter_ant_chamber":2,"quark:acacia_chest":7,"minecraft:hay_block":45,"minecraft:redstone_ore":16,"ad_astra:iron_plating":1,"minecraft:furnace":4,"minecraft:carrots":1,"placeablesmod:water_bucket_block":3,"minecraft:andesite":636,"minecraft:bookshelf":2,"minecraft:deepslate_iron_ore":36,"minecraft:vine":3,"minecraft:rail":2,"minecraft:stone":4568,"iceandfire:pixie_jar_empty":1,"luminousworld:savannah_soil":206,"minecraft:acacia_leaves":28,"minecraft:redstone_block":2,"minecraft:glass_pane":1,"minecraft:soul_sand":61,"luminousworld:savannah_grass_1":16,"ad_astra:etrionic_blast_furnace":6,"minecraft:copper_ore":26,"minecraft:tall_grass":6,"minecraft:lapis_ore":18,"minecraft:deepslate_gold_ore":3,"ad_astra:iron_pillar":5,"minecraft:diorite":961,"minecraft:spruce_stairs":3,"supplementaries:urn":26,"minecraft:coarse_dirt":7,"minecraft:acacia_fence_gate":2,"minecraft:yellow_bed":6,"minecraft:coal_ore":264,"luminousworld:ishstone":366,"ad_astra:oxygen_loader":1,"minecraft:flower_pot":1,"minecraft:gravel":53,"ad_astra:coal_generator":2,"minecraft:cobweb":80,"minecraft:cracked_stone_bricks":6,"minecraft:acacia_planks":6,"minecraft:polished_andesite":4,"minecraft:stone_bricks":21,"luminousworld:elephant_grass":4,"minecraft:mossy_stone_bricks":11,"minecraft:gold_ore":20},"minecraft:picked_up":{"ad_astra:space_suit":2,"minecraft:iron_chestplate":5,"minecraft:wheat":448,"minecraft:black_carpet":1,"minecraft:chainmail_boots":3,"minecraft:redstone_block":2,"minecraft:flower_pot":3,"supplementaries:bomb_blue":1,"minecraft:diamond_sword":24,"alexscaves:cave_tablet":4,"minecraft:enchanted_book":1,"minecraft:potion":1,"minecraft:brewing_stand":2,"born_in_chaos_v1:black_argillite":76,"minecraft:string":89,"minecraft:raw_copper":160,"minecraft:smooth_stone_slab":1,"minecraft:iron_leggings":3,"minecraft:armor_stand":3,"minecraft:oak_sign":1,"minecraft:tnt_minecart":1,"minecraft:smooth_stone":18,"minecraft:cobbled_deepslate":1065,"earthmobsmod:duck_egg":1,"minecraft:bucket":16,"minecraft:acacia_fence_gate":2,"minecraft:rose_bush":1,"minecraft:redstone_torch":1,"minecraft:written_book":2,"minecraft:iron_pickaxe":13,"ad_astra:iron_pillar":4,"alexsmobs:leafcutter_ant_chamber":2,"minecraft:melon_slice":2,"minecraft:coal_block":3,"minecraft:iron_boots":1,"minecraft:furnace":4,"minecraft:golden_helmet":1,"minecraft:stick":69,"minecraft:acacia_fence":1,"ironchest:crystal_chest":1,"born_in_chaos_v1:phantom_powder":2,"minecraft:torch":302,"minecraft:acacia_log":253,"minecraft:spruce_stairs":3,"luminousworld:savannah_soil":190,"minecraft:porkchop":6,"iceandfire:rotten_egg":3,"tombstone:grave_dust":25,"born_in_chaos_v1:nightmare_claw":1,"ad_astra:oxygen_loader":1,"minecraft:diorite":900,"ad_astra:space_boots":2,"minecraft:orange_bed":9,"quark:clear_shard":4,"minecraft:rotten_flesh":236,"ad_astra:ice_shard":29,"aether:chainmail_gloves":1,"supplementaries:antique_ink":3,"minecraft:cyan_terracotta":6,"ad_astra:etrionic_blast_furnace":6,"artifacts:panic_necklace":1,"supplementaries:ash":77,"ad_astra:iron_rod":6,"minecraft:blaze_powder":5,"alexsmobs:flying_fish":1,"minecraft:cobblestone":4139,"luminousworld:savannah_ground":13,"minecraft:leather_chestplate":1,"minecraft:feather":3,"minecraft:water_bucket":3,"minecraft:andesite":562,"minecraft:potato":4,"alexscaves:cave_book":1,"minecraft:flint":13,"minecraft:tuff":371,"supplementaries:flax_seeds":3,"undead_revamp2:huntereye":1,"ad_astra:coal_generator":2,"minecraft:lapis_lazuli":222,"minecraft:dirt":27,"born_in_chaos_v1:monster_skin":6,"minecraft:leather_boots":3,"minecraft:bone":56,"ad_astra:compressor":4,"minecraft:acacia_planks":58,"undead_revamp2:blacpetalblock":2,"minecraft:bow":1,"minecraft:wheat_seeds":588,"minecraft:raw_gold":4,"luminousworld:elephant_grass":7,"minecraft:mossy_stone_bricks":8,"minecraft:bamboo":1,"minecraft:oak_planks":11,"endrem:lost_eye":2,"luminousworld:creepberries":1,"ad_astra:cheese":3,"ad_astra:space_pants":2,"minecraft:sand":14,"sophisticatedbackpacks:iron_backpack":1,"minecraft:dead_bush":1,"minecraft:trapped_chest":1,"minecraft:mossy_cobblestone":8,"minecraft:bundle":6,"ad_astra:iron_plate":2,"minecraft:iron_hoe":2,"minecraft:polished_andesite":3,"minecraft:diamond":32,"minecraft:lever":1,"ad_astra:oil_bucket":1,"minecraft:granite":689,"minecraft:bone_meal":1,"minecraft:spruce_sign":6,"minecraft:bread":81,"minecraft:chainmail_helmet":2,"minecraft:emerald":14,"luminousworld:bao_bob_log":1,"iceandfire:raw_silver":14,"minecraft:charcoal":4,"minecraft:diamond_pickaxe":1,"sophisticatedbackpacks:gold_backpack":1,"luminousworld:groundpebbles_1":1,"born_in_chaos_v1:diamond_termite_shard":3,"minecraft:coarse_dirt":2,"minecraft:chicken":1,"minecraft:ladder":2,"minecraft:chest_minecart":2,"minecraft:golden_pickaxe":4,"minecraft:leather_leggings":1,"minecraft:brown_mushroom":1,"luminousworld:bao_bob_wood":1,"ad_astra:tier_1_rocket":2,"minecraft:shield":2,"aether:leather_gloves":3,"minecraft:acacia_door":1,"minecraft:iron_axe":2,"minecraft:flint_and_steel":1,"minecraft:item_frame":1,"minecraft:white_carpet":2,"minecraft:iron_shovel":4,"iceandfire:bestiary":1,"minecraft:cracked_stone_bricks":8,"ad_astra:desh_ingot":6,"minecraft:detector_rail":8,"born_in_chaos_v1:gnawed_bones":2,"minecraft:iron_nugget":76,"minecraft:sugar_cane":1,"iceandfire:podium_acacia":1,"minecraft:spruce_trapdoor":4,"minecraft:raw_iron":61,"iceandfire:troll_tusk":2,"ecologics:coconut_slice":2,"sophisticatedbackpacks:crafting_upgrade":1,"minecraft:copper_ingot":87,"minecraft:stone_button":2,"minecraft:carrot":34,"minecraft:redstone":17,"alexsmobs:leafcutter_ant_pupa":2,"tombstone:scroll_of_purification":1,"ad_astra:steel_ingot":6,"ad_astra:steel_plate":31,"minecraft:arrow":26,"minecraft:beetroot_seeds":6,"quark:acacia_chest":8,"minecraft:hay_block":44,"alexscaves:spelunkery_table":1,"minecraft:stripped_dark_oak_wood":1,"minecraft:yellow_terracotta":7,"minecraft:gold_ingot":26,"minecraft:totem_of_undying":1,"minecraft:skeleton_skull":4,"minecraft:bone_block":13,"minecraft:rail":43,"minecraft:oxeye_daisy":3,"born_in_chaos_v1:fused_bone":3,"born_in_chaos_v1:corpse_maggot":80,"born_in_chaos_v1:monster_flesh":6,"artifacts:eternal_steak":8,"luminousworld:ishstone":346,"alexsmobs:acacia_blossom":2,"minecraft:red_mushroom":1,"minecraft:filled_map":4,"minecraft:oak_log":10,"minecraft:chainmail_chestplate":1,"minecraft:golden_boots":1,"minecraft:yellow_bed":6,"minecraft:gunpowder":14,"minecraft:cobblestone_stairs":32,"minecraft:paper":8,"minecraft:white_banner":3,"minecraft:gray_carpet":2,"minecraft:apple":1,"minecraft:stone_bricks":18,"iceandfire:pixie_jar_empty":1,"alexsmobs:cockroach_wing_fragment":1,"minecraft:iron_ingot":736,"artifacts:whoopee_cushion":1,"minecraft:stone_pickaxe":1,"minecraft:iron_ore":15,"tombstone:bag_of_seeds":2,"minecraft:glass_bottle":1,"minecraft:gray_bed":1,"minecraft:mangrove_planks":10,"minecraft:acacia_sapling":10,"minecraft:iron_sword":7,"minecraft:soul_sand":3,"sophisticatedbackpacks:diamond_backpack":1,"minecraft:book":9,"minecraft:polished_andesite_stairs":12,"iceandfire:copper_nugget":50,"born_in_chaos_v1:ethereal_spirit":1,"ad_astra:moon_sand":64,"minecraft:gravel":98,"ad_astra:space_helmet":2,"minecraft:blast_furnace":11,"minecraft:gold_ore":9,"minecraft:spider_eye":18,"minecraft:leather_helmet":1,"minecraft:pumpkin_seeds":1,"minecraft:slime_ball":9,"minecraft:chainmail_leggings":2,"minecraft:iron_helmet":3,"vanillaplustools:stone_hammer":8,"minecraft:painting":2,"minecraft:mossy_cobblestone_stairs":1,"tombstone:magic_scroll":3,"minecraft:brown_banner":2,"minecraft:melon_seeds":8,"minecraft:coal":706,"minecraft:hopper":1},"minecraft:used":{"minecraft:ladder":6,"minecraft:shield":70,"minecraft:iron_sword":698,"luminousworld:savannah_ground":6,"minecraft:rotten_flesh":18,"minecraft:tuff":22,"minecraft:carrot":22,"minecraft:acacia_sapling":5,"born_in_chaos_v1:corpse_maggot":51,"minecraft:polished_andesite_stairs":9,"luminousworld:elephant_grass":3,"minecraft:stone_bricks":16,"ad_astra:oxygen_loader":2,"minecraft:item_frame":1,"minecraft:bow":65,"minecraft:furnace":2,"minecraft:potato":4,"iceandfire:pixie_jar_empty":1,"ad_astra:etrionic_blast_furnace":8,"minecraft:mossy_stone_bricks":3,"minecraft:diorite":98,"minecraft:gray_carpet":1,"minecraft:oak_planks":1,"ad_astra:compressor":4,"artifacts:eternal_steak":268,"luminousworld:groundpebbles_1":1,"minecraft:diamond_axe":30,"luminousworld:baobab_plank":3,"minecraft:golden_apple":4,"alexscaves:cave_book":7,"minecraft:mushroom_stew":1,"minecraft:blast_furnace":10,"ad_astra:oil_bucket":2,"earthmobsmod:duck_egg":1,"minecraft:acacia_door":1,"minecraft:stone_button":1,"minecraft:melon_slice":1,"minecraft:bread":297,"minecraft:brown_wool":1,"tombstone:grave_key":3,"ad_astra:launch_pad":3,"minecraft:gravel":12,"minecraft:diamond_sword":1762,"minecraft:chainmail_boots":1,"alexsmobs:leafcutter_ant_chamber":2,"minecraft:coarse_dirt":1,"minecraft:andesite":48,"minecraft:smooth_stone_slab":1,"minecraft:golden_pickaxe":74,"ad_astra:fuel_refinery":1,"minecraft:bone_meal":2,"minecraft:experience_bottle":4,"ironchest:crystal_chest":1,"minecraft:acacia_log":6,"minecraft:flint_and_steel":9,"minecraft:armor_stand":3,"vanillaplustools:stone_hammer":1171,"minecraft:orange_bed":8,"minecraft:torch":972,"endrem:lost_eye":1,"minecraft:dirt":3,"minecraft:hopper":1,"ad_astra:tier_1_rocket":2,"minecraft:granite":10,"minecraft:iron_hoe":9,"minecraft:iron_axe":250,"alexscaves:spelunkery_table":1,"artifacts:everlasting_beef":1,"luminousworld:savannah_soil":1,"ad_astra:space_helmet":1,"ad_astra:space_boots":1,"tombstone:gift":7,"minecraft:cobbled_deepslate":65,"ad_astra:coal_generator":3,"minecraft:wheat_seeds":11,"minecraft:water_bucket":61,"minecraft:iron_ore":15,"minecraft:cobblestone_stairs":63,"minecraft:bundle":2,"minecraft:polished_andesite":3,"luminousworld:ishstone":1,"minecraft:gold_ore":9,"minecraft:cracked_stone_bricks":1,"quark:acacia_chest":54,"minecraft:crafting_table":7,"vanillaplustools:stone_shovel":100,"minecraft:painting":1,"tombstone:bag_of_seeds":2,"minecraft:flower_pot":1,"minecraft:diamond_pickaxe":460,"minecraft:apple":1,"ad_astra:moon_sand":13,"minecraft:iron_pickaxe":1049,"ad_astra:iron_pillar":4,"minecraft:cobblestone":347,"minecraft:potion":1,"minecraft:bucket":158,"alexsmobs:animal_dictionary":1,"minecraft:yellow_bed":5,"minecraft:gray_wool":7},"minecraft:dropped":{"sophisticatedbackpacks:iron_backpack":1,"minecraft:gold_ore":9,"minecraft:spruce_sign":2,"minecraft:iron_sword":1,"iceandfire:raw_silver":1,"minecraft:lapis_lazuli":20,"minecraft:golden_pickaxe":1,"minecraft:glass_bottle":2,"minecraft:diamond":2,"iceandfire:podium_acacia":1,"minecraft:cracked_stone_bricks":5,"minecraft:mangrove_planks":4,"minecraft:rail":26,"minecraft:flint":3,"minecraft:emerald":3,"minecraft:cobblestone_stairs":9,"born_in_chaos_v1:monster_flesh":6,"minecraft:dirt":8,"tombstone:bag_of_seeds":1,"ad_astra:compressor":1,"minecraft:tnt_minecart":1,"minecraft:iron_pickaxe":4,"undead_revamp2:blacpetalblock":2,"minecraft:white_wool":11,"minecraft:bone":7,"minecraft:gravel":33,"minecraft:iron_nugget":11,"minecraft:detector_rail":8,"alexscaves:cave_tablet":4,"minecraft:wheat":64,"minecraft:rotten_flesh":91,"luminousworld:savannah_soil":64,"minecraft:carrot":12,"sophisticatedbackpacks:diamond_backpack":1,"supplementaries:flax_seeds":5,"supplementaries:ash":17,"alexscaves:cave_book":1,"minecraft:skeleton_skull":1,"minecraft:charcoal":1,"minecraft:beetroot_seeds":6,"ad_astra:space_suit":1,"minecraft:melon_seeds":5,"born_in_chaos_v1:corpse_maggot":18,"iceandfire:bestiary":1,"vanillaplustools:stone_hammer":1,"minecraft:iron_ore":15,"minecraft:arrow":1,"minecraft:written_book":2,"iceandfire:manuscript":4,"ad_astra:space_helmet":1,"minecraft:bread":41,"minecraft:iron_ingot":101,"minecraft:wheat_seeds":247,"luminousworld:ishstone":78,"minecraft:iron_helmet":1,"minecraft:feather":3,"ad_astra:space_pants":1,"ad_astra:space_boots":1,"artifacts:whoopee_cushion":2,"minecraft:granite":481,"minecraft:copper_ingot":27,"ad_astra:steel_block":6,"minecraft:acacia_log":33,"minecraft:coal":69,"minecraft:golden_apple":4,"minecraft:stick":64,"born_in_chaos_v1:gnawed_bones":2,"minecraft:diorite":60,"ad_astra:fuel_bucket":19,"minecraft:torch":94,"ad_astra:steel_ingot":3,"tombstone:grave_dust":5,"minecraft:iron_axe":1,"ad_astra:oil_bucket":1,"minecraft:iron_shovel":1,"minecraft:paper":18,"minecraft:string":47,"minecraft:bucket":3,"minecraft:gray_carpet":1,"minecraft:raw_copper":146,"minecraft:cocoa_beans":3,"artifacts:aqua_dashers":1,"minecraft:raw_iron":18,"minecraft:experience_bottle":1,"minecraft:chicken":1,"minecraft:torchflower_seeds":3,"minecraft:oak_sign":1,"minecraft:filled_map":6,"minecraft:diamond_sword":2,"minecraft:shield":2,"minecraft:bundle":3,"minecraft:iron_chestplate":3,"minecraft:andesite":64,"minecraft:mossy_stone_bricks":1,"artifacts:eternal_steak":7,"artifacts:pickaxe_heater":1,"minecraft:spider_eye":4,"minecraft:bamboo":1,"minecraft:stone_pickaxe":1},"minecraft:crafted":{"minecraft:oak_planks":16,"ad_astra:launch_pad":3,"minecraft:lightning_rod":3,"minecraft:glass":11,"ad_astra:oxygen_gear":3,"minecraft:bow":2,"vanillaplustools:stone_shovel":1,"ad_astra:space_helmet":3,"ad_astra:oxygen_loader":1,"minecraft:emerald":1,"minecraft:map":8,"minecraft:crafting_table":6,"minecraft:golden_pickaxe":1,"ad_astra:etrionic_blast_furnace":2,"minecraft:iron_chestplate":1,"minecraft:charcoal":5,"minecraft:shield":1,"minecraft:stick":148,"minecraft:iron_ingot":3,"artifacts:eternal_steak":1,"ad_astra:iron_rod":16,"minecraft:coal":27,"minecraft:stone_shovel":9,"vanillaplustools:stone_hammer":8,"ad_astra:gas_tank":12,"ad_astra:fan":3,"supplementaries:cartographers_quill":4,"minecraft:piston":2,"minecraft:glass_pane":16,"minecraft:flint_and_steel":1,"ad_astra:compressor":1,"ad_astra:steel_tank":4,"minecraft:ladder":4,"ad_astra:steel_rod":44,"minecraft:stone_pickaxe":23,"minecraft:redstone_block":1,"minecraft:wheat":63,"ad_astra:space_pants":2,"ad_astra:rocket_nose_cone":2,"ad_astra:steel_engine":2,"ad_astra:space_boots":3,"ad_astra:space_suit":3,"minecraft:iron_sword":2,"minecraft:bucket":3,"minecraft:air":0,"minecraft:bread":46,"minecraft:white_wool":16,"iceandfire:bestiary":1,"minecraft:raw_gold":36,"ad_astra:engine_frame":2,"ad_astra:coal_generator":1,"minecraft:acacia_planks":80,"ad_astra:fuel_refinery":1,"minecraft:torch":388,"ad_astra:rocket_fin":8,"luminousworld:baobab_plank":8},"minecraft:custom":{"minecraft:animals_bred":6,"minecraft:interact_with_crafting_table":15,"minecraft:open_barrel":21,"minecraft:bell_ring":18,"minecraft:leave_game":27,"minecraft:time_since_death":54328,"minecraft:sprint_one_cm":4054081,"minecraft:damage_blocked_by_shield":3640,"minecraft:drop":235,"minecraft:talked_to_villager":25,"minecraft:play_time":1416542,"minecraft:deaths":33,"minecraft:jump":17710,"minecraft:walk_on_water_one_cm":209991,"minecraft:enchant_item":14,"minecraft:interact_with_furnace":18,"minecraft:traded_with_villager":13,"minecraft:interact_with_cartography_table":2,"minecraft:interact_with_loom":8,"minecraft:sleep_in_bed":72,"minecraft:damage_dealt":126023,"minecraft:crouch_one_cm":355963,"tombstone:undead_killed":707,"minecraft:interact_with_smoker":1,"minecraft:interact_with_anvil":2,"minecraft:mob_kills":1523,"minecraft:inspect_hopper":4,"minecraft:damage_dealt_resisted":3085,"minecraft:climb_one_cm":73903,"minecraft:walk_one_cm":3044690,"minecraft:damage_dealt_absorbed":22,"minecraft:sneak_time":128191,"minecraft:walk_under_water_one_cm":113483,"minecraft:boat_one_cm":199630,"minecraft:interact_with_blast_furnace":9,"minecraft:total_world_time":1416542,"tombstone:raider_killed":7,"minecraft:interact_with_grindstone":2,"minecraft:time_since_rest":17348,"minecraft:damage_taken":44099,"minecraft:damage_absorbed":159,"minecraft:trigger_trapped_chest":1,"tombstone:cast_on_ally":1,"minecraft:swim_one_cm":70249,"minecraft:fly_one_cm":4055499,"minecraft:open_chest":735,"minecraft:fall_one_cm":408091},"minecraft:broken":{"minecraft:leather_leggings":1,"minecraft:iron_boots":1,"minecraft:iron_chestplate":3,"minecraft:iron_leggings":1,"minecraft:chainmail_boots":1,"minecraft:chainmail_chestplate":1,"minecraft:iron_sword":4,"aether:chainmail_gloves":1,"minecraft:diamond_sword":1,"aether:iron_gloves":1,"minecraft:shield":1,"vanillaplustools:stone_hammer":8,"minecraft:iron_axe":1,"minecraft:leather_boots":1,"minecraft:iron_pickaxe":2,"minecraft:iron_helmet":2,"minecraft:golden_pickaxe":1,"aether:leather_gloves":1}},"DataVersion":3465}