{"stats":{"minecraft:killed_by":{"minecraft:zombie":5,"enemyexpansion:invisicreeper":1,"mutantmonsters:mutant_skeleton":5,"minecraft:zombified_piglin":1,"minecraft:player":1,"minecraft:skeleton":1},"minecraft:broken":{"aether:golden_gloves":1,"minecraft:golden_boots":3,"minecraft:iron_boots":1,"minecraft:iron_chestplate":6,"minecraft:iron_leggings":3,"minecraft:chainmail_boots":2,"minecraft:iron_sword":6,"aether:iron_gloves":1,"minecraft:chainmail_helmet":2,"minecraft:shield":2,"vanillaplustools:stone_hammer":8,"minecraft:iron_axe":1,"minecraft:iron_pickaxe":2,"minecraft:iron_helmet":3,"aether:leather_gloves":1,"minecraft:leather_leggings":1,"minecraft:chainmail_chestplate":1,"aether:chainmail_gloves":1,"minecraft:diamond_sword":1,"minecraft:leather_boots":1,"minecraft:golden_pickaxe":1},"minecraft:crafted":{"ad_astra:oxygen_gear":3,"minecraft:glass":11,"minecraft:diamond_helmet":2,"minecraft:diamond_leggings":2,"vanillaplustools:stone_shovel":1,"ad_astra:space_helmet":3,"ad_astra:oxygen_loader":1,"minecraft:emerald":1,"minecraft:diamond_axe":1,"minecraft:golden_pickaxe":1,"minecraft:stone_shovel":9,"vanillaplustools:stone_hammer":8,"ad_astra:gas_tank":12,"ad_astra:fan":3,"supplementaries:cartographers_quill":4,"ad_astra:compressor":1,"minecraft:ladder":4,"minecraft:stone_pickaxe":23,"minecraft:diamond_boots":2,"minecraft:redstone_block":1,"minecraft:golden_helmet":1,"minecraft:wheat":63,"ad_astra:space_pants":2,"ad_astra:rocket_nose_cone":2,"ad_astra:steel_engine":2,"ad_astra:space_boots":3,"ad_astra:space_suit":3,"ad_astra:engine_frame":2,"minecraft:iron_leggings":2,"ad_astra:coal_generator":1,"ad_astra:fuel_refinery":1,"ad_astra:rocket_fin":8,"minecraft:oak_planks":16,"ad_astra:launch_pad":3,"minecraft:lightning_rod":3,"minecraft:bow":4,"minecraft:golden_boots":1,"minecraft:crafting_table":6,"minecraft:map":8,"minecraft:iron_helmet":1,"ad_astra:etrionic_blast_furnace":2,"minecraft:iron_chestplate":1,"minecraft:charcoal":5,"minecraft:shield":1,"minecraft:stick":156,"minecraft:iron_ingot":3,"artifacts:eternal_steak":1,"ad_astra:iron_rod":16,"minecraft:coal":45,"minecraft:piston":2,"minecraft:glass_pane":16,"minecraft:flint_and_steel":2,"ad_astra:steel_tank":4,"minecraft:iron_axe":1,"ad_astra:steel_rod":44,"minecraft:diamond_sword":1,"minecraft:iron_sword":7,"minecraft:bucket":3,"minecraft:air":0,"minecraft:bread":46,"minecraft:oak_boat":1,"iceandfire:bestiary":1,"minecraft:white_wool":16,"minecraft:raw_gold":36,"minecraft:acacia_planks":80,"minecraft:torch":388,"luminousworld:baobab_plank":8,"minecraft:diamond_chestplate":2},"minecraft:killed":{"illagerinvasion:archivist":2,"minecraft:cave_spider":895,"born_in_chaos_v1:mr_pumpkin":10,"born_in_chaos_v1:zombie_lumberjack":1,"born_in_chaos_v1:sir_the_headless":1,"born_in_chaos_v1:siamese_skeletonsright":2,"minecraft:skeleton":312,"alexsmobs:leafcutter_ant":3,"minecraft:chicken":3,"alexsmobs:straddler":2,"undead_revamp2:thepregnant":1,"minecraft:magma_cube":31,"born_in_chaos_v1:bone_imp":3,"luminousworld:trout_fish":1,"minecraft:pillager":3,"minecraft:zombie":624,"enemyexpansion:vampire":1,"born_in_chaos_v1:corpse_fly":8,"enemyexpansion:botfly":102,"iceandfire:lightning_dragon":1,"enemyexpansion:trollenraged":1,"undead_revamp2:thehunter":1,"minecraft:vindicator":8,"enemyexpansion:silverqueen":1,"stalwart_dungeons:nether_wart_cocoon":1,"undead_revamp2:thebidy":1,"earthmobsmod:bouldering_zombie":1,"undead_revamp2:the_moonflower":8,"ad_astra:corrupted_lunarian":6,"undead_revamp2:thesomnolence":8,"minecraft:zombified_piglin":3,"minecraft:spider":1,"cataclysm:netherite_monstrosity":1,"undead_revamp2:thesmoker":2,"born_in_chaos_v1:scarlet_persecutor":1,"illagerinvasion:provoker":1,"minecraft:piglin_brute":3,"minecraft:piglin":8,"born_in_chaos_v1:diamond_termite":5,"illagerinvasion:alchemist":1,"minecraft:creeper":2,"luminousworld:savannah_skeleton":10,"born_in_chaos_v1:dread_hound":12,"minecraft:ghast":2,"undead_revamp2:theskeeper":1,"minecraft:blaze":41,"born_in_chaos_v1:siamese_skeletonsleft":2,"undead_revamp2:thegliter":1,"enemyexpansion:intruder":1,"alexsmobs:tasmanian_devil":3,"enemyexpansion:direwolf":2,"born_in_chaos_v1:maggot":207,"minecraft:drowned":2,"born_in_chaos_v1:corpse_fish":1,"luminousworld:savannah_zombie":9,"mowziesmobs:umvuthana":5,"born_in_chaos_v1:fallen_chaos_knight":1,"born_in_chaos_v1:baby_skeleton":1,"quark:foxhound":4,"minecraft:hoglin":2,"alexsmobs:cockroach":1,"born_in_chaos_v1:nightmare_stalker":1,"minecraft:wither_skeleton":46},"minecraft:picked_up":{"minecraft:iron_chestplate":9,"minecraft:chainmail_boots":6,"minecraft:flower_pot":3,"minecraft:diamond_sword":46,"minecraft:stone_slab":2,"minecraft:wither_rose":1,"minecraft:enchanted_book":3,"minecraft:brewing_stand":2,"minecraft:golden_sword":1,"minecraft:string":128,"minecraft:diamond_leggings":1,"minecraft:gold_nugget":13,"minecraft:cobbled_deepslate":1484,"minecraft:acacia_fence_gate":2,"minecraft:written_book":2,"minecraft:melon_slice":2,"minecraft:coal_block":5,"minecraft:golden_helmet":1,"minecraft:polished_blackstone_stairs":1,"minecraft:acacia_log":253,"ad_astra:space_boots":2,"minecraft:orange_bed":9,"minecraft:stone_sword":3,"quark:clear_shard":4,"aether:chainmail_gloves":1,"ad_astra:ice_shard":29,"minecraft:cyan_terracotta":6,"ad_astra:etrionic_blast_furnace":6,"supplementaries:ash":89,"minecraft:blaze_rod":8,"alexsmobs:flying_fish":1,"minecraft:birch_log":2,"iceandfire:dragonscales_black":24,"minecraft:magma_block":2,"minecraft:feather":17,"minecraft:water_bucket":3,"minecraft:flint":13,"ad_astra:coal_generator":2,"minecraft:lantern":2,"undead_revamp2:blacpetalblock":3,"luminousworld:elephant_grass":14,"minecraft:diamond_helmet":1,"minecraft:glowstone_dust":3,"endrem:lost_eye":2,"minecraft:chiseled_polished_blackstone":4,"luminousworld:creepberries":22,"sophisticatedbackpacks:iron_backpack":1,"iceandfire:lightning_dragon_heart":1,"minecraft:trapped_chest":1,"minecraft:bundle":6,"minecraft:iron_hoe":4,"minecraft:polished_andesite":3,"minecraft:lever":1,"minecraft:writable_book":1,"minecraft:granite":699,"minecraft:chainmail_helmet":3,"minecraft:bread":81,"iceandfire:raw_silver":14,"minecraft:diamond_pickaxe":1,"sophisticatedbackpacks:gold_backpack":1,"luminousworld:groundpebbles_1":1,"minecraft:coarse_dirt":2,"iceandfire:witherbone":25,"minecraft:leather_leggings":1,"minecraft:golden_pickaxe":4,"ad_astra:tier_1_rocket":2,"minecraft:acacia_door":1,"minecraft:flint_and_steel":1,"minecraft:white_carpet":2,"minecraft:iron_shovel":6,"minecraft:cracked_stone_bricks":8,"iceandfire:bestiary":1,"born_in_chaos_v1:gnawed_bones":2,"minecraft:jungle_sapling":1,"minecraft:iron_nugget":76,"minecraft:spruce_slab":1,"minecraft:birch_sapling":1,"sophisticatedbackpacks:crafting_upgrade":1,"alexsmobs:straddlite":1,"minecraft:carrot":36,"minecraft:redstone":17,"mowziesmobs:umvuthana_mask_faith":3,"minecraft:diamond_chestplate":1,"minecraft:beetroot_seeds":6,"quark:acacia_chest":8,"minecraft:diamond_boots":1,"minecraft:hay_block":44,"minecraft:yellow_terracotta":7,"minecraft:gold_ingot":33,"minecraft:totem_of_undying":1,"minecraft:white_wool":90,"minecraft:bone_block":14,"minecraft:rail":43,"minecraft:oxeye_daisy":3,"born_in_chaos_v1:monster_flesh":6,"born_in_chaos_v1:pumpkin_staff":1,"luminousworld:ishstone":346,"alexsmobs:acacia_blossom":2,"minecraft:red_mushroom":1,"minecraft:filled_map":4,"minecraft:oak_log":11,"minecraft:ancient_debris":5,"minecraft:golden_boots":1,"minecraft:paper":9,"minecraft:white_banner":3,"minecraft:apple":1,"minecraft:stone_bricks":18,"iceandfire:pixie_jar_empty":1,"alexsmobs:cockroach_wing_fragment":1,"minecraft:stone_pickaxe":1,"minecraft:iron_ore":15,"tombstone:bag_of_seeds":2,"minecraft:glass_bottle":1,"minecraft:mangrove_planks":10,"minecraft:gray_bed":1,"minecraft:iron_sword":37,"minecraft:polished_andesite_stairs":12,"iceandfire:copper_nugget":88,"mowziesmobs:clawed_log":1,"born_in_chaos_v1:ethereal_spirit":1,"minecraft:cracked_nether_bricks":1,"ad_astra:moon_sand":64,"minecraft:gravel":132,"minecraft:leather_helmet":2,"minecraft:slime_ball":9,"minecraft:painting":2,"mowziesmobs:umvuthana_mask_fear":1,"minecraft:brown_banner":2,"minecraft:melon_seeds":8,"minecraft:hopper":1,"ad_astra:space_suit":2,"minecraft:black_carpet":1,"minecraft:wheat":448,"cataclysm:monstrous_horn":1,"minecraft:redstone_block":2,"minecraft:nether_brick_fence":3,"supplementaries:bomb_blue":1,"alexscaves:cave_tablet":5,"minecraft:potion":1,"minecraft:gilded_blackstone":2,"born_in_chaos_v1:black_argillite":78,"minecraft:raw_copper":160,"minecraft:armor_stand":3,"minecraft:smooth_stone_slab":1,"minecraft:iron_leggings":5,"minecraft:oak_sign":1,"minecraft:tnt_minecart":1,"minecraft:smooth_stone":18,"earthmobsmod:duck_egg":1,"minecraft:bucket":16,"minecraft:rose_bush":1,"minecraft:redstone_torch":1,"ad_astra:iron_pillar":4,"minecraft:iron_pickaxe":15,"minecraft:iron_boots":3,"alexsmobs:leafcutter_ant_chamber":2,"minecraft:furnace":4,"minecraft:stick":69,"minecraft:acacia_fence":1,"ironchest:crystal_chest":1,"born_in_chaos_v1:phantom_powder":2,"minecraft:torch":313,"minecraft:spruce_stairs":3,"luminousworld:savannah_soil":210,"minecraft:porkchop":8,"iceandfire:rotten_egg":3,"iceandfire:crackled_gravel":3,"tombstone:grave_dust":36,"minecraft:diorite":902,"born_in_chaos_v1:nightmare_claw":1,"ad_astra:oxygen_loader":1,"minecraft:rotten_flesh":271,"supplementaries:antique_ink":3,"luminousworld:tall_deadbush":3,"artifacts:panic_necklace":1,"minecraft:obsidian":1,"undead_revamp2:arapholia":1,"minecraft:blaze_powder":7,"ad_astra:iron_rod":6,"minecraft:cobblestone":4188,"luminousworld:savannah_ground":14,"minecraft:leather_chestplate":2,"minecraft:magma_cream":3,"minecraft:andesite":577,"minecraft:potato":4,"alexscaves:cave_book":1,"minecraft:tuff":371,"supplementaries:flax_seeds":3,"undead_revamp2:huntereye":1,"minecraft:wither_skeleton_skull":1,"minecraft:lapis_lazuli":222,"minecraft:dirt":33,"minecraft:name_tag":1,"born_in_chaos_v1:monster_skin":6,"minecraft:leather_boots":4,"minecraft:bone":130,"ad_astra:compressor":4,"minecraft:acacia_planks":58,"minecraft:bow":2,"minecraft:wheat_seeds":588,"quark:purple_shard":5,"minecraft:raw_gold":4,"minecraft:mossy_stone_bricks":8,"minecraft:bamboo":1,"minecraft:oak_planks":11,"minecraft:ghast_tear":1,"minecraft:cooked_porkchop":3,"ad_astra:cheese":3,"ad_astra:space_pants":2,"minecraft:sand":14,"minecraft:dead_bush":1,"minecraft:mossy_cobblestone":8,"ad_astra:iron_plate":2,"cataclysm:music_disc_netherite_monstrosity":1,"born_in_chaos_v1:fire_dust":3,"minecraft:diamond":32,"minecraft:crossbow":1,"minecraft:cracked_polished_blackstone_bricks":26,"ad_astra:oil_bucket":1,"minecraft:oak_sapling":1,"minecraft:bone_meal":1,"minecraft:golden_apple":1,"minecraft:spruce_sign":6,"minecraft:emerald":21,"luminousworld:bao_bob_log":1,"minecraft:netherrack":886,"minecraft:charcoal":4,"born_in_chaos_v1:diamond_termite_shard":3,"minecraft:chicken":1,"minecraft:ladder":2,"minecraft:chest_minecart":2,"minecraft:brown_mushroom":1,"luminousworld:bao_bob_wood":1,"minecraft:gold_block":2,"minecraft:shield":3,"aether:leather_gloves":3,"minecraft:iron_axe":4,"minecraft:item_frame":2,"minecraft:blackstone":226,"ad_astra:desh_ingot":6,"minecraft:detector_rail":8,"minecraft:oak_boat":1,"iceandfire:podium_acacia":1,"minecraft:sugar_cane":1,"minecraft:spruce_trapdoor":4,"minecraft:raw_iron":61,"iceandfire:troll_tusk":2,"ecologics:coconut_slice":2,"minecraft:copper_ingot":87,"minecraft:polished_blackstone_bricks":114,"minecraft:stone_button":2,"minecraft:cookie":5,"alexsmobs:leafcutter_ant_pupa":2,"tombstone:scroll_of_purification":1,"ad_astra:steel_ingot":6,"ad_astra:steel_plate":31,"luminousworld:white_oak_sapling":1,"minecraft:arrow":276,"alexscaves:spelunkery_table":1,"minecraft:stripped_dark_oak_wood":1,"minecraft:skeleton_skull":4,"born_in_chaos_v1:fused_bone":3,"born_in_chaos_v1:corpse_maggot":134,"minecraft:air":0,"minecraft:basalt":12,"artifacts:eternal_steak":8,"minecraft:leather":4,"minecraft:chainmail_chestplate":1,"minecraft:yellow_bed":7,"minecraft:nether_wart_block":3,"minecraft:gunpowder":15,"minecraft:cobblestone_stairs":32,"cataclysm:infernal_forge":3,"minecraft:red_nether_brick_stairs":2,"minecraft:gray_carpet":2,"iceandfire:dragon_stick":1,"minecraft:iron_ingot":739,"artifacts:whoopee_cushion":1,"mowziesmobs:umvuthana_mask_misery":2,"minecraft:acacia_sapling":10,"minecraft:soul_sand":3,"sophisticatedbackpacks:diamond_backpack":1,"minecraft:book":9,"minecraft:quartz":3,"minecraft:amethyst_shard":12,"ad_astra:space_helmet":2,"minecraft:blast_furnace":11,"minecraft:gold_ore":9,"minecraft:spider_eye":20,"minecraft:pumpkin_seeds":1,"minecraft:chainmail_leggings":6,"minecraft:iron_helmet":4,"minecraft:stripped_jungle_wood":30,"vanillaplustools:stone_hammer":8,"minecraft:mossy_cobblestone_stairs":1,"tombstone:magic_scroll":5,"minecraft:coal":727},"minecraft:custom":{"minecraft:interact_with_crafting_table":18,"minecraft:open_barrel":109,"minecraft:bell_ring":18,"minecraft:leave_game":39,"minecraft:time_since_death":22237,"minecraft:damage_blocked_by_shield":5055,"minecraft:play_time":1890685,"minecraft:deaths":54,"minecraft:jump":25236,"minecraft:enchant_item":22,"minecraft:interact_with_furnace":18,"minecraft:traded_with_villager":13,"minecraft:interact_with_cartography_table":2,"minecraft:sleep_in_bed":84,"tombstone:sneak_grave":3,"minecraft:damage_dealt":188341,"tombstone:undead_killed":1039,"minecraft:interact_with_smoker":1,"minecraft:interact_with_smithing_table":1,"minecraft:interact_with_anvil":8,"minecraft:inspect_hopper":8,"minecraft:damage_dealt_absorbed":934,"minecraft:sneak_time":213104,"minecraft:interact_with_blast_furnace":9,"minecraft:total_world_time":1890685,"tombstone:raider_killed":15,"minecraft:time_since_rest":12398,"tombstone:cast_on_ally":2,"minecraft:swim_one_cm":79783,"minecraft:fly_one_cm":5526474,"minecraft:open_chest":1019,"minecraft:fall_one_cm":555292,"minecraft:animals_bred":6,"minecraft:damage_resisted":198,"minecraft:sprint_one_cm":5583484,"minecraft:drop":280,"minecraft:talked_to_villager":25,"minecraft:walk_on_water_one_cm":228723,"minecraft:interact_with_loom":11,"minecraft:crouch_one_cm":675494,"minecraft:mob_kills":2656,"minecraft:damage_dealt_resisted":3962,"minecraft:climb_one_cm":78680,"minecraft:walk_one_cm":4352287,"minecraft:walk_under_water_one_cm":121675,"minecraft:boat_one_cm":233785,"minecraft:interact_with_grindstone":4,"minecraft:damage_taken":75727,"minecraft:damage_absorbed":280,"minecraft:trigger_trapped_chest":5},"minecraft:dropped":{"sophisticatedbackpacks:iron_backpack":1,"minecraft:iron_sword":1,"iceandfire:raw_silver":1,"minecraft:lapis_lazuli":20,"minecraft:glass_bottle":2,"minecraft:diamond":2,"minecraft:cracked_stone_bricks":5,"minecraft:rail":26,"minecraft:emerald":3,"born_in_chaos_v1:monster_flesh":6,"minecraft:dirt":8,"ad_astra:compressor":1,"minecraft:tnt_minecart":1,"minecraft:jungle_sapling":1,"minecraft:iron_pickaxe":4,"undead_revamp2:blacpetalblock":2,"minecraft:white_wool":11,"minecraft:bone":8,"minecraft:iron_nugget":11,"minecraft:detector_rail":8,"minecraft:cobbled_deepslate":64,"alexscaves:cave_tablet":4,"minecraft:birch_sapling":1,"minecraft:wheat":64,"minecraft:rotten_flesh":93,"supplementaries:flax_seeds":5,"alexscaves:cave_book":1,"minecraft:charcoal":1,"ad_astra:space_suit":1,"iceandfire:bestiary":1,"minecraft:red_nether_bricks":1,"cataclysm:infernal_forge":1,"iceandfire:manuscript":4,"minecraft:iron_ingot":101,"minecraft:golden_boots":1,"minecraft:wheat_seeds":247,"luminousworld:ishstone":78,"ad_astra:space_pants":1,"minecraft:feather":3,"minecraft:iron_helmet":1,"ad_astra:space_boots":1,"artifacts:whoopee_cushion":2,"minecraft:granite":481,"minecraft:chainmail_helmet":1,"minecraft:coal":70,"minecraft:golden_apple":4,"minecraft:polished_blackstone_stairs":1,"born_in_chaos_v1:gnawed_bones":2,"minecraft:golden_carrot":16,"ad_astra:steel_ingot":3,"minecraft:chainmail_leggings":1,"minecraft:iron_shovel":1,"minecraft:paper":18,"minecraft:string":72,"minecraft:gray_carpet":1,"minecraft:stone_sword":3,"minecraft:cocoa_beans":3,"minecraft:experience_bottle":1,"minecraft:chicken":1,"minecraft:stone_slab":2,"minecraft:oak_sign":1,"minecraft:torchflower_seeds":3,"minecraft:pumpkin_seeds":1,"minecraft:diamond_sword":2,"minecraft:bundle":3,"artifacts:eternal_steak":7,"artifacts:pickaxe_heater":1,"minecraft:spider_eye":5,"minecraft:bamboo":1,"minecraft:bow":1,"minecraft:spruce_sign":2,"minecraft:gold_ore":9,"minecraft:golden_pickaxe":1,"iceandfire:podium_acacia":1,"minecraft:mangrove_planks":4,"minecraft:flint":3,"minecraft:cobblestone_stairs":9,"tombstone:bag_of_seeds":1,"minecraft:gravel":33,"luminousworld:savannah_soil":64,"sophisticatedbackpacks:diamond_backpack":1,"minecraft:carrot":12,"minecraft:chainmail_chestplate":1,"supplementaries:ash":23,"minecraft:skeleton_skull":1,"minecraft:beetroot_seeds":6,"minecraft:melon_seeds":5,"born_in_chaos_v1:corpse_maggot":18,"vanillaplustools:stone_hammer":1,"minecraft:iron_ore":15,"minecraft:basalt":3,"minecraft:arrow":1,"minecraft:cracked_nether_bricks":1,"minecraft:quartz":3,"minecraft:written_book":2,"minecraft:netherrack":306,"ad_astra:space_helmet":1,"minecraft:bread":41,"minecraft:golden_helmet":1,"luminousworld:white_oak_sapling":1,"minecraft:copper_ingot":27,"ad_astra:steel_block":6,"minecraft:acacia_log":33,"minecraft:stick":64,"ad_astra:fuel_bucket":19,"minecraft:diorite":60,"minecraft:torch":94,"tombstone:grave_dust":5,"minecraft:iron_leggings":1,"minecraft:iron_axe":1,"ad_astra:oil_bucket":1,"minecraft:bucket":3,"minecraft:raw_copper":146,"artifacts:aqua_dashers":1,"minecraft:raw_iron":18,"minecraft:iron_hoe":1,"minecraft:red_nether_brick_stairs":2,"minecraft:filled_map":6,"minecraft:shield":2,"minecraft:iron_chestplate":4,"minecraft:andesite":64,"minecraft:mossy_stone_bricks":1,"quark:purple_shard":5,"minecraft:stone_pickaxe":1,"cataclysm:monstrous_horn":1},"minecraft:used":{"mowziesmobs:umvuthana_mask_fear":2,"minecraft:ladder":6,"minecraft:rotten_flesh":18,"minecraft:acacia_sapling":5,"cataclysm:infernal_forge":24,"minecraft:polished_andesite_stairs":9,"ad_astra:oxygen_loader":2,"minecraft:bow":710,"minecraft:furnace":2,"minecraft:potato":4,"minecraft:mossy_stone_bricks":3,"minecraft:diorite":266,"minecraft:blackstone":122,"artifacts:eternal_steak":546,"minecraft:golden_apple":8,"luminousworld:baobab_plank":3,"minecraft:blast_furnace":10,"earthmobsmod:duck_egg":1,"minecraft:stone_button":1,"ad_astra:launch_pad":3,"minecraft:nether_wart_block":3,"minecraft:diamond_sword":2257,"minecraft:fire_charge":3,"minecraft:oak_boat":2,"alexsmobs:leafcutter_ant_chamber":2,"ad_astra:fuel_refinery":1,"minecraft:acacia_log":6,"minecraft:armor_stand":3,"vanillaplustools:stone_hammer":1281,"minecraft:orange_bed":8,"minecraft:netherrack":511,"minecraft:torch":1228,"endrem:lost_eye":1,"minecraft:iron_axe":250,"minecraft:basalt":5,"artifacts:everlasting_beef":1,"luminousworld:savannah_soil":7,"tombstone:gift":10,"minecraft:acacia_planks":20,"minecraft:cobbled_deepslate":420,"minecraft:wheat_seeds":11,"minecraft:water_bucket":61,"minecraft:bundle":2,"minecraft:gold_ore":9,"minecraft:cracked_stone_bricks":1,"minecraft:polished_blackstone_bricks":15,"minecraft:crafting_table":7,"vanillaplustools:stone_shovel":100,"minecraft:diamond_pickaxe":1170,"minecraft:iron_pickaxe":1049,"tombstone:magic_scroll":3,"minecraft:cobblestone":485,"minecraft:potion":1,"minecraft:shield":121,"minecraft:iron_sword":1450,"minecraft:stripped_jungle_wood":15,"luminousworld:savannah_ground":7,"minecraft:carrot":24,"minecraft:tuff":22,"minecraft:obsidian":11,"born_in_chaos_v1:corpse_maggot":73,"minecraft:lantern":2,"luminousworld:elephant_grass":3,"minecraft:stone_bricks":16,"minecraft:item_frame":2,"iceandfire:pixie_jar_empty":1,"ad_astra:etrionic_blast_furnace":8,"minecraft:gray_carpet":1,"minecraft:oak_planks":1,"ad_astra:compressor":4,"luminousworld:groundpebbles_1":1,"minecraft:diamond_axe":71,"alexscaves:cave_book":8,"minecraft:mushroom_stew":1,"luminousworld:creepberries":1,"ad_astra:oil_bucket":2,"minecraft:acacia_door":1,"minecraft:melon_slice":1,"minecraft:bread":297,"minecraft:brown_wool":1,"tombstone:grave_key":3,"minecraft:gravel":12,"minecraft:chainmail_boots":1,"minecraft:andesite":63,"minecraft:smooth_stone_slab":1,"minecraft:coarse_dirt":1,"ironchest:crystal_chest":1,"minecraft:bone_meal":2,"minecraft:golden_pickaxe":74,"minecraft:experience_bottle":4,"minecraft:flint_and_steel":15,"born_in_chaos_v1:black_argillite":2,"minecraft:dirt":8,"minecraft:hopper":1,"ad_astra:tier_1_rocket":2,"minecraft:granite":20,"minecraft:iron_hoe":9,"alexscaves:spelunkery_table":1,"ad_astra:space_helmet":1,"ad_astra:space_boots":1,"ad_astra:coal_generator":3,"minecraft:iron_ore":15,"minecraft:cobblestone_stairs":63,"minecraft:polished_andesite":3,"luminousworld:ishstone":1,"quark:acacia_chest":54,"minecraft:painting":1,"tombstone:bag_of_seeds":2,"minecraft:flower_pot":1,"minecraft:apple":1,"ad_astra:moon_sand":13,"ad_astra:iron_pillar":4,"minecraft:bucket":158,"minecraft:yellow_bed":6,"alexsmobs:animal_dictionary":1,"minecraft:gray_wool":7},"minecraft:mined":{"minecraft:red_nether_brick_slab":1,"iceandfire:copper_pile":6,"minecraft:red_nether_bricks":1,"mowziesmobs:clawed_log":1,"minecraft:obsidian":1,"minecraft:granite":856,"minecraft:chiseled_polished_blackstone":3,"minecraft:acacia_log":226,"minecraft:coal_block":2,"ad_astra:compressor":4,"minecraft:hopper":1,"luminousworld:savanna_grass_2":27,"minecraft:chiseled_stone_bricks":1,"minecraft:spawner":1,"minecraft:polished_blackstone_bricks":127,"minecraft:magma_block":2,"ad_astra:moon_cheese_ore":3,"minecraft:mossy_cobblestone_stairs":1,"minecraft:cobbled_deepslate":17,"minecraft:fire":84,"minecraft:deepslate_lapis_ore":3,"placeablesmod:empty_bucket_block":1,"minecraft:oak_sign":3,"minecraft:dirt_path":2,"minecraft:orange_bed":9,"minecraft:crimson_nylium":8,"minecraft:soul_fire":146,"iceandfire:podium_acacia":1,"born_in_chaos_v1:infected_deepslate_diamond_ore":2,"minecraft:torch":31,"minecraft:blast_furnace":10,"minecraft:polished_andesite_stairs":14,"minecraft:glass":1,"minecraft:sugar_cane":1,"minecraft:skeleton_skull":2,"minecraft:grass":6,"minecraft:deepslate":2521,"luminousworld:savannah_ground":15,"minecraft:yellow_terracotta":12,"iceandfire:silver_ore":12,"minecraft:mossy_cobblestone":10,"minecraft:stripped_jungle_wood":31,"born_in_chaos_v1:black_argillite":93,"iceandfire:deepslate_silver_ore":1,"alexsmobs:leafcutter_ant_chamber":2,"minecraft:redstone_ore":16,"ad_astra:iron_plating":1,"placeablesmod:water_bucket_block":3,"minecraft:andesite":651,"minecraft:vine":3,"minecraft:rail":2,"minecraft:white_wool":97,"luminousworld:savannah_soil":220,"minecraft:redstone_block":2,"minecraft:glass_pane":1,"minecraft:soul_sand":61,"minecraft:emerald_ore":1,"minecraft:tall_grass":7,"minecraft:copper_ore":26,"minecraft:deepslate_gold_ore":3,"minecraft:diorite":964,"minecraft:coarse_dirt":7,"minecraft:purple_stained_glass":3,"luminousworld:ishstone":366,"minecraft:gravel":53,"minecraft:cobweb":113,"minecraft:acacia_planks":6,"minecraft:stone_bricks":21,"luminousworld:elephant_grass":9,"minecraft:gold_ore":20,"quark:orange_blossom_leaves":1,"minecraft:cobblestone_stairs":6,"placeablesmod:melon_block_1":2,"minecraft:spruce_trapdoor":4,"luminousworld:bao_bob_wood":1,"minecraft:grass_block":4,"minecraft:cracked_polished_blackstone_bricks":25,"minecraft:soul_soil":2,"minecraft:gilded_blackstone":4,"minecraft:smooth_stone":1,"minecraft:red_nether_brick_stairs":1,"minecraft:iron_ore":301,"minecraft:spruce_slab":2,"luminousworld:creepbush":2,"minecraft:cyan_terracotta":6,"minecraft:blackstone":217,"luminousworld:tall_deadbush":2,"ad_astra:moon_iron_ore":5,"minecraft:chest":1,"minecraft:nether_quartz_ore":6,"minecraft:cobblestone":124,"minecraft:potted_acacia_sapling":1,"minecraft:oak_planks":5,"placeablesmod:bread_full_block":17,"minecraft:wall_torch":74,"minecraft:seagrass":1,"placeablesmod:gold_apple_block":1,"minecraft:nether_wart_block":3,"luminousworld:bao_bob_log":1,"minecraft:smooth_stone_slab":3,"minecraft:oak_log":10,"minecraft:sand":3,"minecraft:dirt":30,"minecraft:netherrack":1146,"minecraft:ancient_debris":5,"luminousworld:savannah_grass_4":24,"minecraft:oak_leaves":13,"minecraft:nether_gold_ore":1,"luminousworld:groundpebbles_1":1,"alexscaves:spelunkery_table":1,"minecraft:diamond_ore":1,"minecraft:tuff":560,"minecraft:deepslate_diamond_ore":17,"quark:acacia_chest":7,"minecraft:cracked_nether_bricks":1,"minecraft:hay_block":45,"minecraft:furnace":4,"minecraft:carrots":2,"minecraft:gold_block":3,"minecraft:nether_brick_fence":3,"minecraft:bookshelf":2,"minecraft:deepslate_iron_ore":36,"minecraft:stone":4616,"iceandfire:pixie_jar_empty":1,"minecraft:acacia_leaves":28,"minecraft:basalt":5,"luminousworld:savannah_grass_1":20,"ad_astra:etrionic_blast_furnace":6,"minecraft:stone_slab":3,"minecraft:lapis_ore":18,"ad_astra:iron_pillar":5,"supplementaries:urn":26,"minecraft:spruce_stairs":3,"minecraft:acacia_fence_gate":2,"minecraft:polished_blackstone_stairs":1,"minecraft:yellow_bed":7,"minecraft:coal_ore":264,"ad_astra:oxygen_loader":1,"minecraft:flower_pot":1,"ad_astra:coal_generator":2,"minecraft:cracked_stone_bricks":6,"minecraft:polished_andesite":4,"minecraft:mossy_stone_bricks":11}},"DataVersion":3465}