{"stats":{"minecraft:dropped":{"sophisticatedbackpacks:iron_backpack":1,"minecraft:gold_ore":9,"minecraft:spruce_sign":2,"minecraft:iron_sword":1,"iceandfire:raw_silver":1,"minecraft:lapis_lazuli":20,"minecraft:golden_pickaxe":1,"minecraft:glass_bottle":2,"minecraft:diamond":2,"iceandfire:podium_acacia":1,"minecraft:cracked_stone_bricks":5,"minecraft:mangrove_planks":4,"minecraft:rail":26,"minecraft:flint":3,"minecraft:cobblestone_stairs":9,"minecraft:emerald":3,"born_in_chaos_v1:monster_flesh":6,"minecraft:dirt":8,"minecraft:tnt_minecart":1,"ad_astra:compressor":1,"minecraft:iron_pickaxe":4,"undead_revamp2:blacpetalblock":2,"minecraft:white_wool":11,"minecraft:bone":5,"minecraft:gravel":33,"minecraft:iron_nugget":11,"minecraft:detector_rail":8,"alexscaves:cave_tablet":4,"minecraft:wheat":64,"minecraft:rotten_flesh":77,"luminousworld:savannah_soil":64,"minecraft:carrot":12,"supplementaries:flax_seeds":1,"supplementaries:ash":12,"alexscaves:cave_book":1,"minecraft:skeleton_skull":1,"minecraft:charcoal":1,"minecraft:beetroot_seeds":6,"minecraft:melon_seeds":4,"born_in_chaos_v1:corpse_maggot":1,"vanillaplustools:stone_hammer":1,"iceandfire:bestiary":1,"minecraft:iron_ore":15,"minecraft:arrow":1,"minecraft:written_book":2,"iceandfire:manuscript":4,"minecraft:iron_ingot":101,"minecraft:bread":41,"minecraft:wheat_seeds":244,"luminousworld:ishstone":78,"minecraft:iron_helmet":1,"minecraft:feather":2,"artifacts:whoopee_cushion":2,"minecraft:granite":481,"minecraft:copper_ingot":27,"ad_astra:steel_block":6,"minecraft:acacia_log":33,"minecraft:golden_apple":4,"minecraft:coal":69,"minecraft:stick":32,"born_in_chaos_v1:gnawed_bones":2,"minecraft:diorite":60,"minecraft:torch":90,"ad_astra:steel_ingot":3,"tombstone:grave_dust":4,"minecraft:iron_axe":1,"minecraft:paper":18,"minecraft:iron_shovel":1,"minecraft:string":46,"minecraft:bucket":2,"minecraft:gray_carpet":1,"minecraft:raw_copper":146,"artifacts:aqua_dashers":1,"minecraft:raw_iron":18,"minecraft:experience_bottle":1,"minecraft:oak_sign":1,"minecraft:filled_map":5,"minecraft:diamond_sword":2,"minecraft:shield":2,"minecraft:bundle":3,"minecraft:iron_chestplate":3,"minecraft:andesite":64,"minecraft:mossy_stone_bricks":1,"artifacts:eternal_steak":7,"minecraft:spider_eye":4,"minecraft:bamboo":1,"minecraft:stone_pickaxe":1},"minecraft:broken":{"minecraft:leather_leggings":1,"minecraft:iron_boots":1,"minecraft:iron_chestplate":3,"minecraft:iron_leggings":1,"minecraft:chainmail_boots":1,"minecraft:iron_sword":2,"aether:chainmail_gloves":1,"aether:iron_gloves":1,"minecraft:shield":1,"vanillaplustools:stone_hammer":8,"minecraft:iron_axe":1,"minecraft:leather_boots":1,"minecraft:iron_pickaxe":2,"minecraft:iron_helmet":2,"minecraft:golden_pickaxe":1,"aether:leather_gloves":1},"minecraft:killed":{"illagerinvasion:archivist":2,"minecraft:cave_spider":356,"born_in_chaos_v1:zombie_lumberjack":1,"minecraft:spider":1,"undead_revamp2:thesmoker":2,"born_in_chaos_v1:siamese_skeletonsright":2,"born_in_chaos_v1:scarlet_persecutor":1,"minecraft:skeleton":84,"illagerinvasion:provoker":1,"undead_revamp2:thepregnant":1,"born_in_chaos_v1:diamond_termite":5,"illagerinvasion:alchemist":1,"minecraft:creeper":1,"luminousworld:trout_fish":1,"luminousworld:savannah_skeleton":7,"minecraft:zombie":162,"born_in_chaos_v1:dread_hound":12,"born_in_chaos_v1:corpse_fly":8,"enemyexpansion:botfly":25,"undead_revamp2:theskeeper":1,"born_in_chaos_v1:siamese_skeletonsleft":2,"enemyexpansion:trollenraged":1,"undead_revamp2:thehunter":1,"undead_revamp2:thegliter":1,"enemyexpansion:intruder":1,"minecraft:vindicator":3,"alexsmobs:tasmanian_devil":3,"enemyexpansion:direwolf":2,"born_in_chaos_v1:maggot":30,"enemyexpansion:silverqueen":1,"undead_revamp2:thebidy":1,"minecraft:drowned":2,"born_in_chaos_v1:corpse_fish":1,"luminousworld:savannah_zombie":7,"born_in_chaos_v1:fallen_chaos_knight":1,"earthmobsmod:bouldering_zombie":1,"born_in_chaos_v1:baby_skeleton":1,"undead_revamp2:the_moonflower":5,"undead_revamp2:thesomnolence":6,"alexsmobs:cockroach":1,"born_in_chaos_v1:nightmare_stalker":1},"minecraft:crafted":{"minecraft:oak_planks":16,"ad_astra:launch_pad":2,"minecraft:lightning_rod":3,"minecraft:glass":11,"ad_astra:oxygen_gear":2,"vanillaplustools:stone_shovel":1,"ad_astra:space_helmet":2,"ad_astra:oxygen_loader":1,"minecraft:emerald":1,"minecraft:map":8,"minecraft:crafting_table":5,"minecraft:golden_pickaxe":1,"ad_astra:etrionic_blast_furnace":2,"minecraft:iron_chestplate":1,"minecraft:charcoal":5,"minecraft:shield":1,"minecraft:stick":84,"minecraft:iron_ingot":3,"artifacts:eternal_steak":1,"ad_astra:iron_rod":8,"minecraft:coal":27,"minecraft:stone_shovel":9,"vanillaplustools:stone_hammer":6,"ad_astra:gas_tank":10,"supplementaries:cartographers_quill":4,"ad_astra:fan":3,"minecraft:piston":2,"minecraft:glass_pane":16,"minecraft:flint_and_steel":1,"ad_astra:compressor":1,"ad_astra:steel_tank":4,"minecraft:ladder":4,"ad_astra:steel_rod":40,"minecraft:stone_pickaxe":5,"minecraft:redstone_block":1,"minecraft:wheat":63,"ad_astra:space_pants":1,"ad_astra:rocket_nose_cone":2,"ad_astra:steel_engine":2,"ad_astra:space_boots":2,"ad_astra:space_suit":2,"minecraft:iron_sword":2,"minecraft:bucket":1,"minecraft:air":0,"minecraft:bread":46,"iceandfire:bestiary":1,"minecraft:white_wool":16,"minecraft:raw_gold":36,"ad_astra:engine_frame":2,"ad_astra:coal_generator":1,"minecraft:acacia_planks":76,"ad_astra:fuel_refinery":1,"minecraft:torch":192,"ad_astra:rocket_fin":8,"luminousworld:baobab_plank":8},"minecraft:custom":{"minecraft:animals_bred":6,"minecraft:interact_with_crafting_table":8,"minecraft:open_barrel":18,"minecraft:bell_ring":18,"minecraft:leave_game":22,"minecraft:time_since_death":4105,"minecraft:sprint_one_cm":3261371,"minecraft:damage_blocked_by_shield":3015,"minecraft:drop":178,"minecraft:talked_to_villager":18,"minecraft:play_time":1169302,"minecraft:deaths":30,"minecraft:jump":14325,"minecraft:walk_on_water_one_cm":171284,"minecraft:enchant_item":2,"minecraft:interact_with_furnace":18,"minecraft:traded_with_villager":13,"minecraft:interact_with_cartography_table":1,"minecraft:interact_with_loom":7,"minecraft:sleep_in_bed":57,"minecraft:damage_dealt":94881,"minecraft:crouch_one_cm":294557,"tombstone:undead_killed":282,"minecraft:interact_with_anvil":1,"minecraft:mob_kills":765,"minecraft:inspect_hopper":2,"minecraft:damage_dealt_resisted":1506,"minecraft:climb_one_cm":59965,"minecraft:walk_one_cm":2524992,"minecraft:damage_dealt_absorbed":22,"minecraft:sneak_time":106884,"minecraft:walk_under_water_one_cm":103622,"minecraft:boat_one_cm":199630,"minecraft:interact_with_blast_furnace":7,"minecraft:total_world_time":1169302,"tombstone:raider_killed":7,"minecraft:time_since_rest":3735,"minecraft:damage_taken":31986,"minecraft:damage_absorbed":159,"minecraft:trigger_trapped_chest":1,"tombstone:cast_on_ally":1,"minecraft:swim_one_cm":54294,"minecraft:fly_one_cm":3146448,"minecraft:open_chest":569,"minecraft:fall_one_cm":246866},"minecraft:picked_up":{"minecraft:iron_chestplate":5,"minecraft:wheat":448,"minecraft:black_carpet":1,"minecraft:redstone_block":2,"minecraft:flower_pot":3,"supplementaries:bomb_blue":1,"minecraft:diamond_sword":15,"alexscaves:cave_tablet":4,"minecraft:enchanted_book":1,"minecraft:potion":1,"minecraft:brewing_stand":2,"born_in_chaos_v1:black_argillite":76,"minecraft:string":88,"minecraft:raw_copper":160,"minecraft:smooth_stone_slab":1,"minecraft:iron_leggings":2,"minecraft:armor_stand":3,"minecraft:oak_sign":1,"minecraft:tnt_minecart":1,"minecraft:smooth_stone":18,"minecraft:cobbled_deepslate":1065,"earthmobsmod:duck_egg":1,"minecraft:bucket":1,"minecraft:acacia_fence_gate":2,"minecraft:rose_bush":1,"minecraft:redstone_torch":1,"minecraft:written_book":2,"minecraft:iron_pickaxe":13,"minecraft:melon_slice":2,"minecraft:coal_block":3,"minecraft:iron_boots":1,"minecraft:furnace":4,"minecraft:golden_helmet":1,"minecraft:stick":69,"minecraft:acacia_fence":1,"ironchest:crystal_chest":1,"minecraft:torch":279,"minecraft:acacia_log":253,"minecraft:spruce_stairs":3,"luminousworld:savannah_soil":190,"minecraft:porkchop":6,"iceandfire:rotten_egg":3,"tombstone:grave_dust":21,"minecraft:diorite":876,"born_in_chaos_v1:nightmare_claw":1,"ad_astra:oxygen_loader":1,"minecraft:orange_bed":7,"minecraft:rotten_flesh":213,"aether:chainmail_gloves":1,"supplementaries:antique_ink":3,"minecraft:cyan_terracotta":6,"ad_astra:etrionic_blast_furnace":6,"supplementaries:ash":38,"ad_astra:iron_rod":6,"minecraft:blaze_powder":5,"minecraft:cobblestone":3770,"luminousworld:savannah_ground":13,"minecraft:leather_chestplate":1,"minecraft:feather":2,"minecraft:water_bucket":2,"minecraft:andesite":470,"minecraft:potato":4,"alexscaves:cave_book":1,"minecraft:flint":13,"minecraft:tuff":371,"supplementaries:flax_seeds":3,"undead_revamp2:huntereye":1,"ad_astra:coal_generator":2,"minecraft:lapis_lazuli":222,"minecraft:dirt":18,"born_in_chaos_v1:monster_skin":6,"minecraft:leather_boots":3,"minecraft:bone":29,"ad_astra:compressor":4,"minecraft:acacia_planks":55,"undead_revamp2:blacpetalblock":2,"minecraft:wheat_seeds":585,"minecraft:raw_gold":4,"luminousworld:elephant_grass":7,"minecraft:mossy_stone_bricks":8,"minecraft:bamboo":1,"minecraft:oak_planks":11,"endrem:lost_eye":2,"luminousworld:creepberries":1,"minecraft:sand":11,"sophisticatedbackpacks:iron_backpack":1,"minecraft:dead_bush":1,"minecraft:trapped_chest":1,"minecraft:mossy_cobblestone":8,"minecraft:bundle":5,"ad_astra:iron_plate":2,"minecraft:iron_hoe":1,"minecraft:polished_andesite":3,"minecraft:diamond":28,"minecraft:lever":1,"minecraft:granite":605,"minecraft:bone_meal":1,"minecraft:spruce_sign":6,"minecraft:chainmail_helmet":1,"minecraft:emerald":14,"minecraft:bread":61,"luminousworld:bao_bob_log":1,"iceandfire:raw_silver":14,"minecraft:diamond_pickaxe":1,"minecraft:charcoal":4,"sophisticatedbackpacks:gold_backpack":1,"born_in_chaos_v1:diamond_termite_shard":3,"minecraft:coarse_dirt":1,"minecraft:ladder":2,"minecraft:chest_minecart":1,"minecraft:golden_pickaxe":4,"minecraft:leather_leggings":1,"minecraft:brown_mushroom":1,"luminousworld:bao_bob_wood":1,"ad_astra:tier_1_rocket":1,"minecraft:shield":2,"aether:leather_gloves":3,"minecraft:iron_axe":2,"minecraft:acacia_door":1,"minecraft:flint_and_steel":1,"minecraft:item_frame":1,"minecraft:white_carpet":2,"minecraft:iron_shovel":3,"minecraft:cracked_stone_bricks":8,"iceandfire:bestiary":1,"minecraft:detector_rail":8,"born_in_chaos_v1:gnawed_bones":2,"minecraft:iron_nugget":54,"minecraft:sugar_cane":1,"iceandfire:podium_acacia":1,"minecraft:spruce_trapdoor":4,"minecraft:raw_iron":56,"iceandfire:troll_tusk":2,"sophisticatedbackpacks:crafting_upgrade":1,"minecraft:copper_ingot":87,"minecraft:stone_button":2,"minecraft:carrot":34,"minecraft:redstone":17,"tombstone:scroll_of_purification":1,"ad_astra:steel_ingot":6,"ad_astra:steel_plate":31,"minecraft:arrow":5,"minecraft:beetroot_seeds":6,"quark:acacia_chest":8,"minecraft:hay_block":44,"alexscaves:spelunkery_table":1,"minecraft:stripped_dark_oak_wood":1,"minecraft:yellow_terracotta":7,"minecraft:totem_of_undying":1,"minecraft:gold_ingot":26,"minecraft:skeleton_skull":4,"minecraft:bone_block":13,"minecraft:rail":43,"minecraft:oxeye_daisy":3,"born_in_chaos_v1:fused_bone":3,"born_in_chaos_v1:corpse_maggot":26,"born_in_chaos_v1:monster_flesh":6,"artifacts:eternal_steak":8,"luminousworld:ishstone":320,"alexsmobs:acacia_blossom":2,"minecraft:red_mushroom":1,"minecraft:filled_map":4,"minecraft:oak_log":10,"minecraft:chainmail_chestplate":1,"minecraft:golden_boots":1,"minecraft:yellow_bed":6,"minecraft:gunpowder":10,"minecraft:cobblestone_stairs":32,"minecraft:paper":8,"minecraft:white_banner":3,"minecraft:gray_carpet":2,"minecraft:apple":1,"minecraft:stone_bricks":18,"iceandfire:pixie_jar_empty":1,"alexsmobs:cockroach_wing_fragment":1,"minecraft:iron_ingot":605,"artifacts:whoopee_cushion":1,"minecraft:stone_pickaxe":1,"minecraft:iron_ore":15,"minecraft:glass_bottle":1,"minecraft:gray_bed":1,"minecraft:mangrove_planks":10,"minecraft:iron_sword":2,"minecraft:acacia_sapling":10,"minecraft:soul_sand":3,"minecraft:book":9,"minecraft:polished_andesite_stairs":12,"iceandfire:copper_nugget":50,"born_in_chaos_v1:ethereal_spirit":1,"minecraft:gravel":98,"minecraft:blast_furnace":11,"minecraft:gold_ore":9,"minecraft:spider_eye":16,"minecraft:leather_helmet":1,"minecraft:slime_ball":4,"minecraft:chainmail_leggings":2,"minecraft:iron_helmet":3,"vanillaplustools:stone_hammer":8,"minecraft:painting":2,"minecraft:mossy_cobblestone_stairs":1,"tombstone:magic_scroll":3,"minecraft:brown_banner":2,"minecraft:melon_seeds":8,"minecraft:coal":465,"minecraft:hopper":1},"minecraft:mined":{"quark:orange_blossom_leaves":1,"iceandfire:copper_pile":6,"minecraft:cobblestone_stairs":6,"placeablesmod:melon_block_1":2,"minecraft:spruce_trapdoor":4,"minecraft:granite":761,"minecraft:grass_block":1,"luminousworld:bao_bob_wood":1,"minecraft:acacia_log":226,"ad_astra:compressor":4,"minecraft:hopper":1,"minecraft:chiseled_stone_bricks":1,"luminousworld:savanna_grass_2":14,"minecraft:smooth_stone":1,"minecraft:mossy_cobblestone_stairs":1,"minecraft:iron_ore":238,"minecraft:fire":15,"minecraft:cobbled_deepslate":15,"minecraft:deepslate_lapis_ore":3,"placeablesmod:empty_bucket_block":1,"minecraft:oak_sign":3,"minecraft:dirt_path":2,"minecraft:orange_bed":7,"luminousworld:creepbush":1,"minecraft:cyan_terracotta":6,"iceandfire:podium_acacia":1,"born_in_chaos_v1:infected_deepslate_diamond_ore":2,"minecraft:torch":27,"minecraft:blast_furnace":10,"minecraft:polished_andesite_stairs":14,"minecraft:chest":1,"minecraft:cobblestone":120,"minecraft:sugar_cane":1,"minecraft:potted_acacia_sapling":1,"minecraft:oak_planks":5,"placeablesmod:bread_full_block":17,"minecraft:wall_torch":69,"minecraft:skeleton_skull":2,"minecraft:seagrass":1,"luminousworld:bao_bob_log":1,"minecraft:smooth_stone_slab":3,"minecraft:grass":3,"minecraft:oak_log":10,"minecraft:dirt":21,"luminousworld:savannah_grass_4":21,"minecraft:oak_leaves":4,"minecraft:deepslate":2510,"minecraft:yellow_terracotta":12,"luminousworld:savannah_ground":15,"alexscaves:spelunkery_table":1,"minecraft:diamond_ore":1,"minecraft:tuff":560,"iceandfire:silver_ore":12,"minecraft:mossy_cobblestone":10,"minecraft:deepslate_diamond_ore":16,"born_in_chaos_v1:black_argillite":91,"iceandfire:deepslate_silver_ore":1,"quark:acacia_chest":7,"minecraft:hay_block":45,"minecraft:redstone_ore":16,"minecraft:furnace":4,"minecraft:carrots":1,"placeablesmod:water_bucket_block":2,"minecraft:andesite":530,"minecraft:bookshelf":2,"minecraft:deepslate_iron_ore":33,"minecraft:vine":3,"minecraft:rail":2,"minecraft:stone":4184,"iceandfire:pixie_jar_empty":1,"luminousworld:savannah_soil":206,"minecraft:acacia_leaves":28,"minecraft:redstone_block":2,"minecraft:glass_pane":1,"minecraft:soul_sand":61,"luminousworld:savannah_grass_1":16,"ad_astra:etrionic_blast_furnace":6,"minecraft:copper_ore":26,"minecraft:tall_grass":5,"minecraft:lapis_ore":18,"minecraft:deepslate_gold_ore":3,"minecraft:diorite":935,"minecraft:spruce_stairs":3,"supplementaries:urn":19,"minecraft:coarse_dirt":6,"minecraft:acacia_fence_gate":2,"minecraft:yellow_bed":6,"minecraft:coal_ore":157,"luminousworld:ishstone":338,"ad_astra:oxygen_loader":1,"minecraft:flower_pot":1,"minecraft:gravel":53,"ad_astra:coal_generator":2,"minecraft:cobweb":79,"minecraft:cracked_stone_bricks":6,"minecraft:acacia_planks":3,"minecraft:polished_andesite":4,"minecraft:stone_bricks":21,"luminousworld:elephant_grass":4,"minecraft:mossy_stone_bricks":11,"minecraft:gold_ore":20},"minecraft:killed_by":{"minecraft:zombie":4,"enemyexpansion:invisicreeper":1,"minecraft:player":1,"mutantmonsters:mutant_skeleton":5,"minecraft:skeleton":1},"minecraft:used":{"minecraft:ladder":6,"minecraft:shield":52,"minecraft:iron_sword":488,"luminousworld:savannah_ground":6,"minecraft:rotten_flesh":18,"minecraft:carrot":3,"minecraft:tuff":22,"minecraft:acacia_sapling":5,"born_in_chaos_v1:corpse_maggot":18,"minecraft:polished_andesite_stairs":9,"luminousworld:elephant_grass":3,"minecraft:stone_bricks":16,"minecraft:item_frame":1,"ad_astra:oxygen_loader":2,"minecraft:furnace":2,"minecraft:potato":4,"iceandfire:pixie_jar_empty":1,"ad_astra:etrionic_blast_furnace":8,"minecraft:mossy_stone_bricks":3,"minecraft:diorite":98,"minecraft:gray_carpet":1,"minecraft:oak_planks":1,"ad_astra:compressor":4,"artifacts:eternal_steak":154,"minecraft:diamond_axe":30,"luminousworld:baobab_plank":3,"minecraft:golden_apple":4,"alexscaves:cave_book":7,"minecraft:blast_furnace":10,"earthmobsmod:duck_egg":1,"minecraft:acacia_door":1,"minecraft:stone_button":1,"minecraft:melon_slice":1,"minecraft:bread":277,"minecraft:brown_wool":1,"tombstone:grave_key":2,"ad_astra:launch_pad":2,"minecraft:gravel":12,"minecraft:diamond_sword":1304,"minecraft:andesite":4,"minecraft:smooth_stone_slab":1,"minecraft:golden_pickaxe":74,"ad_astra:fuel_refinery":1,"ironchest:crystal_chest":1,"minecraft:bone_meal":2,"minecraft:experience_bottle":4,"minecraft:acacia_log":6,"minecraft:flint_and_steel":8,"minecraft:armor_stand":3,"vanillaplustools:stone_hammer":1094,"minecraft:orange_bed":6,"minecraft:torch":861,"endrem:lost_eye":1,"minecraft:dirt":1,"minecraft:hopper":1,"ad_astra:tier_1_rocket":1,"minecraft:granite":8,"minecraft:iron_axe":250,"alexscaves:spelunkery_table":1,"artifacts:everlasting_beef":1,"luminousworld:savannah_soil":1,"ad_astra:space_boots":1,"tombstone:gift":7,"minecraft:cobbled_deepslate":65,"ad_astra:coal_generator":3,"minecraft:wheat_seeds":11,"minecraft:water_bucket":44,"minecraft:iron_ore":15,"minecraft:cobblestone_stairs":63,"minecraft:bundle":2,"minecraft:polished_andesite":3,"luminousworld:ishstone":1,"minecraft:gold_ore":9,"minecraft:cracked_stone_bricks":1,"minecraft:crafting_table":5,"quark:acacia_chest":54,"vanillaplustools:stone_shovel":100,"minecraft:painting":1,"minecraft:flower_pot":1,"minecraft:diamond_pickaxe":255,"minecraft:apple":1,"minecraft:iron_pickaxe":1049,"minecraft:cobblestone":334,"minecraft:potion":1,"minecraft:bucket":98,"alexsmobs:animal_dictionary":1,"minecraft:yellow_bed":5,"minecraft:gray_wool":7}},"DataVersion":3465}